Society,Bibtext,Reference,Full_reference,D-PLACE,notes
CARNEIRO6_001_Roman_Empire,caryandhaarhoff1940,Cary & Haarhoff 1940,"Cary, M., & Haarhoff, T.J. 1940. Life and thought in the Greek and Roman world. London: Methuen & Co.",,
CARNEIRO6_001_Roman_Empire,suetonius1957,Suetonius 1957,Suetonius 1957. The Twelve Caesars. Baltimore: Penguin Books.,,
CARNEIRO6_001_Roman_Empire,cowell1961,Cowell 1961,"Cowell, F. R. 1961. Everyday Life in Ancient Rome. London: B. T. Batsford.",,
CARNEIRO6_001_Roman_Empire,mcdonald1966,McDonald 1966,"McDonald, A. H. 1966. Republican Rome. London: Thames and Hudson.",,
CARNEIRO6_001_Roman_Empire,dill1904,Dill 1904,"Dill, S. 1904. Roman Society from Nero to Marcus Aurelius. London: Macmillan and Co.",,
CARNEIRO6_001_Roman_Empire,carcopino1940,Carcopino 1956,"Carcopino, J. 1956. Daily Life in Ancient Rome: the People and the City at the Height of the Empire. Penguin Books.",https://d-place.org/sources/carcopino1940,
CARNEIRO6_001_Roman_Empire,forbesanddijksterhuism1963,Forbes & Dijksterhuis 1963,"Forbes, R. J., Dijksterhuism E. J. 1963. A History of Science and Technology. Volume 1. Baltimore: Penguin Books.",,
CARNEIRO6_001_Roman_Empire,grant1960,Grant 1960,"Grant, M. 1960. The World of Rome. London: Weidenfeld & Nicolson.",https://d-place.org/sources/grant1960,
CARNEIRO6_001_Roman_Empire,adam1792,Adam 1792,"Adam, A. 1792. Roman Antiquities: or, An Account of the Manners and Customs of the Romans. Edinburgh: W. Creech.",,
CARNEIRO6_001_Roman_Empire,lewisandreinhold1966,Lewis & Reinhold 1966,"Lewis, N., Reinhold, M. 1966. Roman Civilization Sourcebook II: The Empire. New York: Harper Torchbooks.",,
CARNEIRO6_001_Roman_Empire,rostovtzeff1945,Rostovtzeff 1928,"Rostovtzeff, M.1928. A History of the Ancient World 2 : Rome. Oxford: Clarendon Press.",https://d-place.org/sources/rostovtzeff1945,
CARNEIRO6_001_Roman_Empire,frank1959a,"Frank 1959, Vol. 1","Frank, T. 1959. An Economic Survey of Ancient Rome. Volume  I: Rome and Italy of the Republic. Paterson, NJ: Pageant Books.",,
CARNEIRO6_001_Roman_Empire,frank1959b,"Frank 1959, Vol. 5","Frank, T. 1959. An Economic Survey of Ancient Rome. Volume V: Rome and Italy of the Empire. Paterson, NJ: Pageant Books.",,
CARNEIRO6_001_Roman_Empire,frank1920,Frank 1920,"Frank, T. 1920. An Economic History of Rome to the End of the Republic. Baltimore: The Johns Hopkins Press.",,
CARNEIRO6_001_Roman_Empire,bloch1942,Bloch 1942,"Bloch, L. 1942. Instituciones Romanas. Barcelona: Editorial Labor.",,
CARNEIRO6_001_Roman_Empire,singeretal1956,Singer et al. 1956,"Singer, C. et al. 1956. A History of Technology. Volume II. The Mediterranean Civilizations and the Middle Ages. London: Oxford University Press.",,
CARNEIRO6_001_Roman_Empire,sandars1922,Sandars 1922,"Sandars, T. C. 1922. The Intitutes of Justinian. London: Longmans, Green and Co.",,
CARNEIRO6_001_Roman_Empire,thapar1965,Thapar 1965,"Thapar, R. 1965. A History of India. Baltimore: Penguin Books.",,
CARNEIRO6_001_Roman_Empire,louis1927,Louis 1927,"Louis, P. 1927. Ancient Rome at Work. London: Kegan Paul, Trench, Trubner and Co.",,
CARNEIRO6_001_Roman_Empire,waterhouse1901,Waterhouse 1901,"Waterhouse, P. L. 1901. The Story of the Art of Building. New York: D. Appleton and Co.",,
CARNEIRO6_001_Roman_Empire,fowler1933,Fowler 1933,"Fowler, W. W. 1933. Social Life at Rome in the age of Cicero. New York: Macmillan.",,
CARNEIRO6_001_Roman_Empire,neuberger1948,Neuberger 1948,"Neuberger, A. 1948. The Technical Skills of the Roman. In C. S. Coon, A reader in General Anthropology, 516-539. New York: Henry Holt and Co.",,
CARNEIRO6_001_Roman_Empire,munshi1951,Munshi 1951,"Munshi, K. M. 1951. The Age of Imperial Unity. Bombay: S. Ramakrishnan.",,
CARNEIRO6_001_Roman_Empire,fresseandkirkyp1910,Fresse & Kirkyp 1910,"Fresse, J. H., Kirkyp, T. 1910. Hadrian. In Encyclopedia Britannica, Volume 12. Cambrdige: University Press.",,
CARNEIRO6_001_Roman_Empire,haverfield1910,Haverfield 1910,"Haverfield, F. J. 1910. Roman Army. In Encyclopedia Britannica, Volume 23. Cambrdige: University Press.",,
CARNEIRO6_002_India_Ancient,basham1963,Basham 1963,"Basham, A. L. 1963. The wonder that was India. 2nd Edition. New York: Hawthorn Books.",,
CARNEIRO6_002_India_Ancient,majumdar1960,Majumdar 1960,"Majumdar, R. C. 1960. The age of Imperial Unity. Bombay: Bharatiya Vidya Bhavan.",,
CARNEIRO6_002_India_Ancient,thapar1966,Thapar 1966,"Thapar, R. 1966. A short history of India. Volume 1. Baltimore: Pelican Books.",,
CARNEIRO6_002_India_Ancient,chand1944,Chand 1944,"Chand, T. 1944. A short history of the Indian people. 2nd edition. Calcutta: Macmillan",,
CARNEIRO6_002_India_Ancient,smith1923,Smith 1923,"Smith, V. A. 1923. The Oxford History of India. 2nd edition. Oxford: Clarendon Press.",,
CARNEIRO6_002_India_Ancient,mehta1960,Mehta 1960,"Mehta, R. J. 1960. The Handicrafts And Industrial Arts Of India. Bombay: Taraporevala.",,
CARNEIRO6_002_India_Ancient,basham1964,Basham 1964,"Basham, A. L. 1964. Studies in Indian History and Culture. Calcutta: Sambodhi Publications.",,
CARNEIRO6_002_India_Ancient,rangaswamiaiyangar1927,Rangaswami Aiyangar 1927,"Rangaswami Aiyangar, K. V. 1927. Aspects of Ancient Indian Economic Thought. Banares: Banares Hindu University",,
CARNEIRO6_002_India_Ancient,auboyer1965,Auboyer 1965,"Auboyer, J. 1965. Daily life in ancient India: from 200 B.C. to 700 A.D. New York: Macmillan.",,
CARNEIRO6_002_India_Ancient,banerjea1916,Banerjea 1916,"Banerjea, P. 1916. Public administration in ancient India. London: Macmillan",,
CARNEIRO6_002_India_Ancient,drekmeier1962,Drekmeier 1962,"Drekmeier, C. 1962. Kingship and Community in Early India. Stanford: Stanford University Press.",,
CARNEIRO6_002_India_Ancient,gokhale1948,Gokhale 1948,"Gokhale, B. G. 1948 Buddhism and Asoka. Baroda: Padmaja publications.",,
CARNEIRO6_002_India_Ancient,ray1927,Ray 1927,"Ray, H. C. 1927. Notes on war in ancient India. Journal of the Department of Letters, Calcutta 14(7).",,
CARNEIRO6_002_India_Ancient,mitra1907,Mitra 1907,"Mitra, S. C. 1907. Arboriculture and horticulture in ancient and medieval India. Journal of the Anthropological Society, Bombay 7(1907): 526-76",,
CARNEIRO6_002_India_Ancient,goetz1962,Goetz 1962,"Goetz, H. 1962. Building and sculpture techniques in India. Archeology 15(4): 252-261",,
CARNEIRO6_002_India_Ancient,hunt1924,Hunt 1924,"Hunt, E. H. 1924. Hyderabad Cairn burials and their significance. Journal of the Royal Anthropological Institute of Great Britain and Ireland 54: 140-157",,
CARNEIRO6_002_India_Ancient,srinivasan1946,Srinivasan 1946,"Srinivasan, K. R. 1946. The megalithic burials and urn-fields of South India in the light of Tamil literature and tradition. Ancient India 1-3: 9-16",,
CARNEIRO6_002_India_Ancient,ghurye1926,Ghurye 1926,"Ghurye, G.S. 1926. Funerary monuments in Bombay. Man in India 6: 26-57, 100-139.",,
CARNEIRO6_002_India_Ancient,levin1930,Levin 1930,"Levin, M. 1930. Mummification and cremation in India. Man 30: 29-34, 64-6.",,
CARNEIRO6_002_India_Ancient,mazumdar1960,Mazumdar 1960,"Mazumdar, B. P. 1960. Socio-economic history of Northern India, 1030-1194 A.D. Calcutta: Mukhopadhyay.",,
CARNEIRO6_002_India_Ancient,kane1930,Kane 1930,"Kane, V. 1930. History Of Dharmasastra. 5 vols. Poona: Bhandarkar Oriental Research Institute.",,
CARNEIRO6_002_India_Ancient,altekar1955,Altekar 1955,"Altekar, A. S. 1955. State and government in ancient India. Banares: Motilal Banarsidass.",,
CARNEIRO6_003_Egypt_New_Kingdom,petrie1923,Petrie 1923,"Petrie, W. M. F. 1923. Social Life in Ancient Egypt. London: Constable & Co.",,
CARNEIRO6_003_Egypt_New_Kingdom,petrie1924,Petrie 1924,"Petrie, W. M. F. 1924. Religious Life in Ancient Egypt. London: Constable & Co.",,
CARNEIRO6_003_Egypt_New_Kingdom,erman1894,Erman 1894,"Erman, A. 1894. Life in Ancient Egypt. London: MacMillan & Co.",,
CARNEIRO6_003_Egypt_New_Kingdom,maspero1895,Maspero 1895,"Maspero, G. 1895. Life in Ancient Egypt and Assyria. New York: D. Appleton & Co.",,
CARNEIRO6_003_Egypt_New_Kingdom,wilkinson1879,Wilkinson 1879,"Wilkinson, J. G. 1879. The Manners and Customs of the Ancient Egyptians. Two Volumes. New York: Dodd, Mead & Co.",,
CARNEIRO6_003_Egypt_New_Kingdom,budge1935,Budge 1935,"Budge, E. A. W. 1935. Easy Lessons in Egyptian Hieroglyphics. London: Kegan Paul, Trench, Trubner & Co.",,
CARNEIRO6_003_Egypt_New_Kingdom,riefstahl1964,Riefstahl 1964,"Riefstahl, E. 1964. Thebes in the Time of Amunhotep III. Norman: University of Oklahoma Press.",,
CARNEIRO6_003_Egypt_New_Kingdom,emery1961,Emery 1961,"Emery, W. B. 1961. Archaic Egypt. Baltimore: Penguin Books.",,
CARNEIRO6_003_Egypt_New_Kingdom,decamp1960,De Camp 1960,"De Camp, L. S. 1960. The Ancient Engineers. New York: Ballantine Books.",,
CARNEIRO6_003_Egypt_New_Kingdom,myer1894,Myer 1894,"Myer, I. 1894. Scarabs. New York: Edwin W. Dayton.",,
CARNEIRO6_003_Egypt_New_Kingdom,lucas1934,Lucas 1934,"Lucas, A. 1934. Ancient Egyptian Materials and Industries. London: Edward Arnold & Co.",,
CARNEIRO6_003_Egypt_New_Kingdom,cottrell1960,Cottrell 1960,"Cottrell, L. 1960. Life Under the Pharaos. New York: Holt, Rinehart & Winston.",,
CARNEIRO6_003_Egypt_New_Kingdom,posener1959,Posener 1959,"Posener, G. 1959. Dictionary of Egyptian Civilization. New York: Tudor Publishing.",,
CARNEIRO6_004_Athens,gulick1902,Gulick 1902,"Gulick, C. B. 1902. The Life of the Ancient Greeks. New York: D. Appleton & Co.",,
CARNEIRO6_004_Athens,caryandhaarhoff1961,Cary & Haarhoff 1961,"Cary, M., Haarhoff, T. J. 1961. Life and thought in the Greek and Roman world. New York: Barnes & Noble",,
CARNEIRO6_004_Athens,bury1966,Bury 1966,"Bury, J. B. 1966. A History of Greece. New York: St. Martins Press.",,
CARNEIRO6_004_Athens,durant1939,Durant 1939,"Durant, W. 1939. The Life of Greece. New York: Simon & Shuster.",,
CARNEIRO6_004_Athens,glotz1967,Glotz 1967,"Glotz, G. 1967. Ancient Greece at Work. New York: W. W. Norton & Co.",,
CARNEIRO6_004_Athens,glotz1929,Glotz 1929,"Glotz, G. 1929. The Greek City. Londong: Kegan Paul, Tranch, Trubner & Co.",,
CARNEIRO6_004_Athens,stillwell1951,Stillwell 1951,"Stillwell, R. 1951. Greece - The Birthplace of Science and Free Speech. In: Everyday Life in Ancient Time (pp. 185-266). National Geographic Society.",,
CARNEIRO6_004_Athens,adcock1957,Adcock 1957,"Adcock, F. E. 1957. The Greek and Macedonian Art of War. Berkeley: University of California Press.",,
CARNEIRO6_004_Athens,davis1914,Davis 1914,"Davis, W. S. 1914. A Day in Old Athens. Boston: Allyn & Bacon.",,
CARNEIRO6_004_Athens,maisch1931,Maisch 1931,"Maisch, R. 1931. Instituciones Griegas. Barcelona: Editorial Labor.",,
CARNEIRO6_004_Athens,becker1866,Becker 1866,"Becker, W. A. 1866. Charicles. London: Longmans, Green & Co.",,
CARNEIRO6_004_Athens,westermann1955,Westermann 1955,"Westermann, W. L. 1955. The Slave Systems of Greek and Roman Antiquity. Philadelphia: The American Philosophical Society.",,
CARNEIRO6_004_Athens,freeman1946,Freeman 1946,"Freeman, K. 1946. The Murder of Herodes. London: MacDonald & Co.",,
CARNEIRO6_004_Athens,waterhouse1950,Waterhouse 1950,"Waterhouse, P. L. 1950. The Story of Architecture. London: Batsford.",,
CARNEIRO6_004_Athens,lethaby1912,Lethaby 1912,"Lethaby, W. R. 1912. Architecture. New York: Henry Holt & Co.",,
CARNEIRO6_004_Athens,singeretal1954,Singer et al. 1954,"Singer, C. A. et al. 1954. History of Technology. Volume 1: From Early Times to Fall of Ancient Empires. London: Oxford University Press.",,
CARNEIRO6_005_Vikings,hamilton1951,Hamilton 1951,"Hamilton, J. R. C. 1951. Life in a Viking Settlement. Archeology 4(4), 218-222.",,
CARNEIRO6_005_Vikings,brondsted1960,Brondsted 1960,"Brondsted, J. 1960. The Vikings. Harmondsworth: Penguin Books.",,
CARNEIRO6_005_Vikings,arbman1961,Arbman 1961,"Arbman, H. 1961. The Vikings. Ancient Peoples and Places, Volume 21. Thames and Hudson.",,
CARNEIRO6_005_Vikings,duchaillu1889,Du Chaillu 1889,"Du Chaillu, P. B. 1889. The Viking Age. Volumes 1-2. London: John Murray.",,
CARNEIRO6_005_Vikings,sawyer1962,Sawyer 1962,"Sawyer, P. H. 1962. The Age of the Vikings. London: Edward Arnold.",,
CARNEIRO6_005_Vikings,waxandwax1955,Wax & Wax 1955,"Wax, R., & Wax. M. 1955. The Vikings and the Rise of Capitalism. American Journal of Sociology, 61(1), 1-10.",,
CARNEIRO6_005_Vikings,mallet1859,Mallet 1859,"Mallet, P. H. 1859. Northern Antiquities. London: Henry G. Bohn.",,
CARNEIRO6_005_Vikings,coon1948,Coon 1948,"Coon, C. S. 1948. A reader in General Anthropology. New York: Henry Holt and Co.",,
CARNEIRO6_005_Vikings,ellis1942,Ellis 1942,"Ellis, H. R. 1942. Sigurd in the art of the Viking Age. Antiquity, 16(63), 216-236.",,
CARNEIRO6_005_Vikings,elpalacio1929,El Palacio 1929,"1929. Carvings by Vikings in Churches. El Palacio, 26(6/7), 127-128",,
CARNEIRO6_006_Ashanti,dupuis1824,Dupuis 1824,"Dupuis, J. 1824. Journal of a Residence in Ashnatee. London: Henry Colburn.",,
CARNEIRO6_006_Ashanti,fortes1950,Fortes 1950,"Fortes, M. 1950. Kinship and Marriage Among the Ashanti. In Radcliffe-Brown, A. R. and Forde, D. (eds.), African Systems of Kinship and Marriage (pp. 252-284). London: Oxford University Press for the International African Institute.",https://d-place.org/sources/fortes1950,
CARNEIRO6_006_Ashanti,murdock1959,Murdock 1959,"Murdock, G. P. 1959. Africa: its Peoples and their Culture History. New York: McGraw-Hill.",https://d-place.org/sources/murdock1959,different pages
CARNEIRO6_006_Ashanti,rattray1923,Rattray 1923,"Rattray, R. S. 1923. Ashanti. Oxford: Clarendon Press.",https://d-place.org/sources/rattray1923,
CARNEIRO6_006_Ashanti,lystad1958,Lystad 1958,"Lystad, R. A. 1958. The Ashanti: A Proud People. New Brunswick: Rutgers University Press.",https://d-place.org/sources/lystad1958,
CARNEIRO6_006_Ashanti,busia1951,Busia 1951,"Busia, K. A. 1951. The position of the Chief in the Modern Political System of the Ashanti. London: Oxford University Press for the International African Institute.",https://d-place.org/sources/busia1951,
CARNEIRO6_006_Ashanti,rattray1929,Rattray 1929,"Rattray, R. S. 1929. Ashanti Law and Constitution. Oxford: Clarendon Press.",https://d-place.org/sources/rattray1929,
CARNEIRO6_006_Ashanti,rattray1927,Rattray 1927,"Rattray, R. S. 1927. Religion and Art in Ashanti. Oxford: Clarendon Press.",https://d-place.org/sources/rattray1927,
CARNEIRO6_006_Ashanti,ramseyerandkuhne1875,Ramseyer & Kühne 1875,"Ramseyer, F. A. & Kühne, J. 1875. Four Years in Ashantee. London : James Nisbet & Co.",,
CARNEIRO6_006_Ashanti,fortes1949b,Fortes 1949,"Fortes, M. 1949. Time and Social Structure: an Ashanti Case Study. In Fortes, M. (ed.), Social Structure (pp. 54-84). London.",https://d-place.org/sources/fortes1949b,
CARNEIRO6_006_Ashanti,ward1956,Ward 1956,"Ward, B. E. 1956. Some Observations on Religious Cults in Ashanti. Africa: Journal of the International African Institute 26(1), 47-61.",,
CARNEIRO6_006_Ashanti,wild1936,Wild 1936,"Wild, R. P. 1936. Iron Disc Currency from Ashanti. Man 36, 78-79.",,
CARNEIRO6_006_Ashanti,sinclair1939,Sinclair 1939,"Sinclair, G. E. 1939. A Method of Bead-Making in Ashanti. Man 39, 128.",,
CARNEIRO6_006_Ashanti,busia1954,Busia 1954,"Busia, K. A. 1954. The Ashanti. In Forde, M. (Ed.), African Worlds (pp. 190-209). London: Oxford University Press for the International African Institute.",https://d-place.org/sources/busia1954,
CARNEIRO6_006_Ashanti,matson1953,Matson 1953,"Matson, J. N. 1953. Testate Succession in Ashanti. Africa: Journal of the International African Institute 23(3), 224-232.",,
CARNEIRO6_006_Ashanti,bowdich1873,Bowdich 1873,"Bowdich, T. E. 1873. Mission from Cape Coast Castle to Ashantee, with a Descriptive Account of that Kingdom. London: Griffith & Farran.",,
CARNEIRO6_006_Ashanti,cardinall1927,Cardinall 1927,"Cardinall, A. W. 1927. In Ashanti and Beyond. London: Seeley, Service & Co.",,
CARNEIRO6_006_Ashanti,fuller1921,Fuller 1921,"Fuller, F. 1921. A Vanished Dynasty, Ashanti. London: John Murray.",,
CARNEIRO6_006_Ashanti,hambly1937,Hambly 1937,"Hambly, W. D. 1937. Source Book for African Anthropology. Chicago: Field Museum of Natural History.",,
CARNEIRO6_006_Ashanti,clarke1875,Clarke 1875,"Clarke H. 1875. On the Relations of Culture of the Ashantees. The Journal of the Anthropological Institute of Great Britain and Ireland 4, 122-126",,
CARNEIRO6_006_Ashanti,wilks1966,Wilks 1966,"Wilks, I. 1966. Aspects of Bureaucratization in Ashanti in the Nineteenth Century. Journal of African History 7(2), 215-232",,
CARNEIRO6_006_Ashanti,arhin1967,Arhin 1967,"Arhin, K. 1967. The Structure of Greater Ashanti. The Journal of African History 8(1), 65-85.",,
CARNEIRO6_006_Ashanti,kirby1884,Kirby 1884,"Kirby, B. 1884. A Journey into the Interior of Ashanti. Proceedings of the Royal Geographical Society and Monthly Record of Geography 6(8), 447-452.",,
CARNEIRO6_006_Ashanti,barter1896,Barter 1896,"Barter, S. 1896. Notes on Ashanti. Scottish Geographical Magazine 12(9), 441-458.",,
CARNEIRO6_007_Tahiti,cook1785,Cook [?],"Cook, J. [?]. A Voyage to The Pacific Ocean.",https://d-place.org/sources/cook1785,
CARNEIRO6_007_Tahiti,ellis1831,Ellis 1831,"Ellis, W. 1831. Polynesian Researches. Four Volumes. London: Fischer, Son & Jackson.",,
CARNEIRO6_007_Tahiti,hawkesworthnd,Hawkesworth [?],"Hawkesworth, J. [?]. An account of the voyages undertaken by the order of His present Majesty. Volume 3.",,
CARNEIRO6_007_Tahiti,parkinson1773,Parkinson 1773,"Parkinson, S. (1773). A Journal of a Voyage to the South Seas. London.",,
CARNEIRO6_007_Tahiti,cook1785,Cook [?],??,,
CARNEIRO6_007_Tahiti,adams1901,Adams 1901,"Adams, H. 1901. Tahiti: Memoirs of Arii Taimai E. Paris.",,
CARNEIRO6_007_Tahiti,corney1914,Corney 1914,"Corney, B. G. 1914. The Quest and Occupation of Tahiti By Emissaries of Spain in 1772-1776. Volume 2. London: The Hakluyt Society.",,
CARNEIRO6_007_Tahiti,henry1928,Henry 1928,"Henry, T. 1928. Ancient Tahiti. Bernice P. Bishop Museum Bulletin 48. Honolulu: B. P. Bishop Museum.",https://d-place.org/sources/henry1928,
CARNEIRO6_007_Tahiti,handy1930,Handy 1930,"Handy, E. S. C. 1930. History and Culture in the Society Islands. Bernice P. Bishop Museum Bulletin 79. Honolulu: B. P. Bishop Museum.",https://d-place.org/sources/handy1930,
CARNEIRO6_007_Tahiti,emory1933,Emory 1933,"Emory, K. 1933. Stone Remains in the Society Islands. Bernice P. Bishop Museum Bulletin 116. Honolulu: B. P. Bishop Museum.",,
CARNEIRO6_007_Tahiti,williamson1924,Williamson 1924,"Williamson, R. W. 1924. The Social and Political Systems of Central Polynesia. Three Volumes. Cambridge: University Press.",,
CARNEIRO6_007_Tahiti,handy1932,Handy 1932,"Handy, E. S. C. 1932. Houses, Boats, and Fishing in the Society Islands. Bernice P. Bishop Museum Bulletin 90. Honolulu: B. P. Bishop Museum.",,
CARNEIRO6_008_Baganda,roscoe1911,Roscoe 1911,"Roscoe, J. 1911. The Baganda. London: Macmillan & Co.",https://d-place.org/sources/roscoe1911,
CARNEIRO6_008_Baganda,kagwa1934,Kagwa 1934,"Kagwa, A. 1934. The Customs of the Baganda. New York: Columbia University Press.",https://d-place.org/sources/kagwa1934,
CARNEIRO6_009_Dogon,paulme1940,Paulme 1940,"Paulme, D. 1940. Organisation sociale des Dogon (Soudan français). Paris: F. Loviton et Cie.",https://d-place.org/sources/paulme1940,
CARNEIRO6_009_Dogon,tait1950,Tait 1950,"Tait, D. 1950. An Analytical Commentary on the Social Structure of the Dogon. Africa 20 (3), 175 - 199.",,
CARNEIRO6_009_Dogon,marti1957,Marti 1957,"Marti, M. P. 1957. Les Dogon. Paris: Presses Universitaires de France.",,
CARNEIRO6_009_Dogon,desplagnes1907,Desplagnes 1907,"Desplagnes, L. 1907. Le Plateau Central Nigerien. Paris: Emile Larose.",,
CARNEIRO6_009_Dogon,griaule1938,Griaule 1938,"Griaule, M. 1938. Jeux Dogons. Paris: Institut d'Ethnologie.",,
CARNEIRO6_009_Dogon,paulme1956,Paulme 1956,"Paulme, D. 1956. Les Sculptures de l'Afrique Noire. Paris: Presses Universitaires de France.",,
CARNEIRO6_010_Azande,evanspritchard1931,Evans-Pritchard 1931,"Evans-Pritchard, E. E. 1931. Mani, a Zande Secret Society. Sudan Notes and Records, 14(2), 105–148.",,
CARNEIRO6_010_Azande,evanspritchard1937,Evans-Pritchard 1937,"Evans-Pritchard, E. E. 1937. Witchcraft, Oracles and Magic among the Azande. Oxford: Clarendon Press.",https://d-place.org/sources/evanspritchard1937,
CARNEIRO6_010_Azande,evanspritchard1957,Evans-Pritchard 1957a,"Evans-Pritchard, E. E. 1957. The Zande Royal Court. Zaire 11, 361–389.",https://d-place.org/sources/evanspritchard1957,
CARNEIRO6_010_Azande,evanspritchard1957b,Evans-Pritchard 1957b,"Evans-Pritchard, E. E. 1957. Zande warfare. Anthropos 52, 239–262.",,
CARNEIRO6_010_Azande,evanspritchard1958,Evans-Pritchard 1958,"Evans?Pritchard, E. E. 1958. An historical introduction to a study of Zande society. African Studies, 17(1), 1–15",,
CARNEIRO6_010_Azande,evanspritchard1962,Evans-Pritchard 1962,"Evans-Pritchard, E. E. 1962. Essays in Social Anthropology. London: Faber and Faber",,
CARNEIRO6_010_Azande,evanspritchard1963,Evans-Pritchard 1963a,"Evans-Pritchard, E. E. 1963. The Zande State. The Journal of the Royal Anthropological Institute of Great Britain and Ireland, 93(1), 134–154.",https://d-place.org/sources/evanspritchard1963,
CARNEIRO6_010_Azande,evanspritchard1963b,Evans-Pritchard 1963b,"Evans-Pritchard, E. E. 1963. A Further Contribution to the Study of Zande Culture. Africa 33(3), 183–197.",,
CARNEIRO6_010_Azande,evanspritchard1967,Evans-Pritchard 1967,"Evans-Pritchard, E. E. 1967. Zande Iron-Working. Paideuma 13, 26–31.",,
CARNEIRO6_010_Azande,evanspritchard1970,Evans-Pritchard 1970,"Evans-Pritchard, E. E. 1970. Zande Bridewealth. Africa 40(2), 115-124.",,
CARNEIRO6_010_Azande,decalonnebeaufaict1921,De Calonne-Beaufaict 1921,"De Calonne-Beaufaict, A. 1921. Azande. Bruxelles: M. Lamertin.",,
CARNEIRO6_010_Azande,junker1891,Junker 1891,"Junker, W. 1891. Travels in Africa during the years 1879-1883. London: Chapman and Hall.",,
CARNEIRO6_010_Azande,junker1892,Junker 1892,"Junker, W. 1892. Travels in Africa during the years 1882-1886. London: Chapman and Hall.",,
CARNEIRO6_010_Azande,lagaeandvandenplas1921,Lagae & Vanden Plas 1921,"Lagae, C. R. and Vanden Plas, V. H. 1921. La langue des azande. Gand: Ed. Dominicaines Veritas.",,
CARNEIRO6_010_Azande,larken1926,Larken 1926,"Larken, P. M. 1926. An account of the Zande. Sudan Notes and Records, 9(1), 1–55.",,
CARNEIRO6_010_Azande,larken1927,Larken 1927,"Larken, P. M. 1927. Impressions from the Azande. (Continued from Vol. IX, Part 1). Sudan Notes and Records, 10, 85–134.",,
CARNEIRO6_010_Azande,seligmanandseligman1932,Seligman & Seligman 1932,"Seligman, C. G., and Seligman, B. Z. 1932. Pagan Tribes of the Nilotic Sudan. London: George Routledge and Sons, Ltd.",https://d-place.org/sources/seligmanandseligman1932,
CARNEIRO6_010_Azande,deschlippe1956,De Schlippe 1956,"De Schlippe, P. 1956. Shifting cultivation in Africa: the Zande system of agriculture. London: Routledge & Paul.",https://d-place.org/sources/deschlippe1956,
CARNEIRO6_010_Azande,schweinfurth1874,Schweinfurth 1874,"Schweinfurth, G. 1874. The Heart of Africa. Two Volumes. New York: Harper & brothers.",https://d-place.org/sources/schweinfurth1874,
CARNEIRO6_011_Thonga,junod1927,Junod 1962a,"Junod, H. A. (1962a). The Life of a South African Tribe. Volume 1: The Social Life. New York: University Books.",https://d-place.org/sources/junod1927,
CARNEIRO6_011_Thonga,junod1962b,Junod 1962b,"Junod, H. A. (1962b). The Life of a South African Tribe. Volume 2: The Mental Life. New York: University Books.",,
CARNEIRO6_012_Bavenda,stayt1931,Stayt 1931,"Stayt, H. 1931. The Bavenda. London: Oxford University Press.",https://d-place.org/sources/stayt1931,
CARNEIRO6_012_Bavenda,lestrade1930,Lestrade 1930,"Lestrade, G. P. 1930. Some Notes on the Political Organization of the Venda-Speaking Tribes. Africa: Journal of the International African Institute, 3(3), 306-322.",,
CARNEIRO6_013_Batak,loeb1935,Loeb 1935,"Loeb, E. M. 1935. Sumatra: Its History And People. Wiener Beitrage zur Kulturgeschichte und Linguistik 3. Vienna: Verlag des Institutes für Völkerkunde der Universität Wien.",,
CARNEIRO6_013_Batak,marsden1811,Marsden 1811,"Marsden, W. 1811. The History of Sumatra. 3rd edition. London.",,
CARNEIRO6_014_Schilluk,cann1929,Cann 1929,"Cann, G. P. 1929. A Day in the Life of an Idle Shilluk. Sudan Notes and Records 12 (2), 251-253.",https://d-place.org/sources/cann1929,
CARNEIRO6_014_Schilluk,evanspritchard1948,Evans-Pritchard 1948,"Evans-Pritchard, E. E. 1948. The Divine Kingship of the Shilluk of the Nilotic Sudan. Cambridge: Cambridge University Press.",https://d-place.org/sources/evanspritchard1948,
CARNEIRO6_014_Schilluk,evanspritchard1951,Evans-Pritchard 1951,"Evans-Pritchard, E. E. 1951. Shilluk king-killing. Man 51, 116.",,
CARNEIRO6_014_Schilluk,howell1941,Howell 1941,"Howell, P. P. 1941. The Shilluk Settlement. Sudan Notes and Records 24. 47-66.",https://d-place.org/sources/howell1941,
CARNEIRO6_014_Schilluk,howell1944,Howell 1944,"Howell, P. P. 1944. The Installation of the Shilluk King. Man 44, 146–147.",,
CARNEIRO6_014_Schilluk,howell1952a,Howell 1952a,"Howell, P. P. 1952a. Observations on the Shilluk of the Upper Nile. The Laws of Homicide and the Legal Functions of the “Reth.” Africa 22(2), 97–119.",,
CARNEIRO6_014_Schilluk,howell1952b,Howell 1952b,"Howell, P. P. 1952b. The Death and Burial of reth Dak wad: FADIET OF THE SHILLUK. Sudan Notes and Records, 33(1), 156–164.",,
CARNEIRO6_014_Schilluk,howell1952c,Howell 1952c,"Howell, P. P. 1952c. The Death of Reth Dak Wad Fadiet and the Installation of His Successor: A Preliminary Note. Man, 52, 102–104.",,
CARNEIRO6_014_Schilluk,howell1953,Howell 1953,"Howell, P. P. 1953. Observations on the Shilluk of the Upper Nile. Customary Law: Marriage and the Violation of Rights in Women. Africa 23(2), 94–109.",,
CARNEIRO6_014_Schilluk,howellandthomson1946,Howell & Thomson 1946,"Howell, P. P., and Thomson, W. P. G. 1946. The death of a Reth of the Shilluk and the installation of his successor. Sudan Notes and Records, 27, 5–85.",,
CARNEIRO6_014_Schilluk,howellandudal1953,Howell & Udal 1953,"Howell, P. P., and Udal, J. O. 1953. The election and installation of Reth Kur Wad Fafiti of the Shilluk. Sudan Notes and Records, 34(2), 189–204.",,
CARNEIRO6_014_Schilluk,munro1918,Munro 1918,"Munro, P. 1918. Installation of the Ret of the Chol (King of the Shilluks). Sudan Notes and Records, 1(3), 145-152.",,
CARNEIRO6_014_Schilluk,oyler1918a,Oyler 1918a,"Oyler, D. S. 1918a. Nikawng and the Shilluk migration. Sudan Notes and Records, 1(2), 107-115.",,
CARNEIRO6_014_Schilluk,oyler1918b,Oyler 1918b,"Oyler, D. S. 1918b. Nikawng's place in the Shilluk religion. Sudan Notes and Records, 1(4), 283-292.",,
CARNEIRO6_014_Schilluk,oyler1919,Oyler 1919,"Oyler, D. S. 1919. The Shilluk's Belief In The Evil Eye, The Evil Medicine Man. Sudan notes and records, 2(2), 122-137.",,
CARNEIRO6_014_Schilluk,oyler1920,Oyler 1920,"Oyler, D. S. 1920. The Shilluk's belief in the good medicine men. Sudan notes and records, 3(2), 110-116.",,
CARNEIRO6_014_Schilluk,oyler1926,Oyler 1926,"Oyler, D. S. 1926. Shilluk notes. Sudan notes and records, 9(1), 57-68.",,
CARNEIRO6_014_Schilluk,paul1952,Paul 1952,"Paul, A. 1952. The Mar of the Shilluk. Sudan Notes and Records, 33(1), 165–166.",,
CARNEIRO6_014_Schilluk,pumphrey1937,Pumphrey 1937,"Pumphrey, M. E. C. 1937. Shilluk"" royal"" language conventions. Sudan Notes and Records, 20(2), 319-321.",,
CARNEIRO6_014_Schilluk,pumphrey1941,Pumphrey 1941,"Pumphrey, M. E. C. 1941. The Shilluk Tribe. Sudan Notes and Records 24. 1-45.",https://d-place.org/sources/pumphrey1941,
CARNEIRO6_014_Schilluk,schweinfurth1874,Schweinfurth 1874,"Schweinfurth, G. 1874. The Heart of Africa. Volume 1. New York: Harper & brothers",https://d-place.org/sources/schweinfurth1874,The same for Azande
CARNEIRO6_014_Schilluk,seligman1957,Seligman 1957,"Seligman, C. G. 1957. Races of Africa. London: Oxford University Press.",,
CARNEIRO6_014_Schilluk,di1922,D. I. 1922,"D. I. 1922. Conspiracy against the Mek of the Shilluks in 1917. Sudan Notes and Records, 5(2), 111.",,
CARNEIRO6_014_Schilluk,anonymous1956,Anonymous 1956,"Anonymous 1956. Installation Of A New Shilluk King. Sudan Notes and Records, 37, 99–101.",,
CARNEIRO6_014_Schilluk,westermann1912,Westermann 1912,"Westermann, D. 1912. The Shilluk People. Philadelphia: Board of Foreign Missions of the United Presbyterian Church of N. A.",https://d-place.org/sources/westermann1912,
CARNEIRO6_014_Schilluk,lienhardt1954,Lienhardt 1954,"Lienhardt, G. 1954. The Shilluk of the Upper Nile. African Worlds, 138-163. London: Oxford University Press for the International African Institute.",https://d-place.org/sources/lienhardt1954,
CARNEIRO6_014_Schilluk,wright1951,Wright 1951,"Wright, J. W. 1951. The White Nile and the Sobat. Sudan Notes and Records 32(1), 113-130.",,
CARNEIRO6_015_Mru,loffler1967,Löffler 1967,"Löffler, L. G. (1967). Field notes from field work in 1955, 1957, 1964, 1965. Unpublished.",,
CARNEIRO6_016_Mangareva,buck1938,Buck 1938,"Buck, P. H. 1938. Ethnology of Mangareva. Bernice P. Bishop Museum Bulletin 157. Honolulu: Bernice P. Bishop Museum.",https://d-place.org/sources/buck1938,
CARNEIRO6_016_Mangareva,beechey1831,Beechey 1831,"Beechey, F. W. 1831. Narrative of a Voyage to the Pacific and Beering's Strait. Volume I. London: Henry Colburn and Richard Bentley.",,
CARNEIRO6_016_Mangareva,emory1939,Emory 1939,"Emory, K. P. 1939. Archaeology of Mangareva and Neighboring Atolls. Bernice P. Bishop Museum Bulletin 163. Honolulu: Bernice P. Bishop Museum.",,
CARNEIRO6_016_Mangareva,smith1918,Smith 1918,"Smith, S. P. 1918. Notes on the Mangareva, or Gambier group of islands, Eastern Polynesia. The Journal of the Polynesian Society 27, 3(107), 115-131.",,
CARNEIRO6_016_Mangareva,andersen1928,Andersen 1928,"Andersen, J. C. 1928. Myths and Legends of the Polynesians. New York: Farrar & Rinehart.",,
CARNEIRO6_016_Mangareva,laval1938,Laval 1938,"Laval, H. 1938. Mangareva. L'histoire ancienne d'un peuple polynésien. Braine-le-Compte: Maison des Peres des Sacres-Coeurs.",https://d-place.org/sources/laval1938,
CARNEIRO6_017_Creek,swanton1928a,Swanton 1928a,"Swanton, J. R. 1928a. Religious Beliefs and Medical Practices of the Creek Indians. Annual Reports of the Bureau of American Ethnology 42. 473-672.",https://d-place.org/sources/swanton1928a,
CARNEIRO6_017_Creek,swanton1928c,Swanton 1928c,"Swanton, J. R. 1928c. Social Organization and Social Usages of the Indians of the Creek Confederacy. Annual Reports of the Bureau of American Ethnology 42. 23-472, 859-900.",https://d-place.org/sources/swanton1928c,
CARNEIRO6_017_Creek,swanton1928d,Swanton 1928d,"Swanton, J. R. 1928d. Aboriginal Culture of the Southeast. Annual Reports of the Bureau of American Ethnology 42. 673-726.",,
CARNEIRO6_017_Creek,swanton1946,Swanton 1946,"Swanton, J. R. 1946. The Indians of the Southeastern United States. Bulletins of the Bureau of American Ethnology 137. 1-943.",https://d-place.org/sources/swanton1946,
CARNEIRO6_017_Creek,swanton1915,Swanton 1915,"Swanton, J. R. (1915). The Social Significance of the Creek Confederacy. Proceedings of the International Congress of Americanists 19, 327-334.",,
CARNEIRO6_018_Ao_Naga,mills1926,Mills 1926,"Mills, J. P. 1926. The Ao Nagas. Macmillan and Co.",https://d-place.org/sources/mills1926,
CARNEIRO6_018_Ao_Naga,smith1925b,Smith 1925,"Smith, W. C. 1925. The Ao Naga Tribe of Assam. Macmillan and Co.",https://d-place.org/sources/smith1925b,
,,,,,
CARNEIRO6_020_Futuna,burrows1936,Burrows 1936,"Burrows, E. G. (1936). Ethnology of Futuna. Bernice P Bishop Museum Bulletin 138, 1-239.",https://d-place.org/sources/burrows1936,
,,,,,
CARNEIRO6_022_Masai,hindeandhinde1901,Hinde & Hinde 1901,"Hinde, S. L. and Hinde, H. 1901. The Last of the Masai. London: William Heinemann.",,
CARNEIRO6_022_Masai,hollis1905,Hollis 1905,"Hollis, A. C. 1905. The Masai: Their Language and Folklore. Oxford: Clarendon Press.",https://d-place.org/sources/hollis1905,
CARNEIRO6_022_Masai,koenig1956,Koenig 1956,"Koenig, O. 1956. The Masai Story. London: Michael Joseph.",,
CARNEIRO6_022_Masai,fosbrooke1948,Fosbrooke 1948,"Fosbrooke, H. A. 1948. An Administrative Survey of the Masai Social System. Tanganyika Notes and Records 26, 1-50.",https://d-place.org/sources/fosbrooke1948,
CARNEIRO6_022_Masai,hollis1910,Hollis 1910,"Hollis, A. C. 1910. A Note on Masai System of Relationship and Other Matters Connected Therewith. The Journal of the Royal Anthropological Institute of Great Britain and Ireland 40, 473-482.",,
CARNEIRO6_022_Masai,leakey1930,Leakey 1930,"Leakey, L. S. B. 1930. Some Notes on the Masai of Kenya Colony. The Journal of the Royal Anthropological Institute of Great Britain and Ireland 60, 185-209.",,
CARNEIRO6_022_Masai,fox1930,Fox 1930,"Fox, D. S. 1930. Further Notes on the Masai of Kenya Colony. The Journal of the Royal Anthropological Institute of Great Britain and Ireland 60, 447-465.",,
CARNEIRO6_022_Masai,maguire1928,Maguire 1928,"Maguire, R. A. J. 1928. The Masai Penal Code. Journal of the Royal African Society 28(109), 12-18.",,
CARNEIRO6_022_Masai,forde1948,Forde 1948,"Forde, C. D. 1948. Habitat, economy and society: a geographical introduction to ethnology. London: Methuen.",,
CARNEIRO6_022_Masai,krapf1860,Krapf 1860,"Krapf, J. L. 1860. Travels, researches and missionary labours during an eighteen years' residence in Eastern Africa. London: Trübner & Co.",,
CARNEIRO6_022_Masai,huntingford1953b,Huntingford 1953,"Huntingford, G. W. B. 1953. The Southern Nilo-Hamites. London: Oxford Univ. Press, International African Inst.",https://d-place.org/sources/huntingford1953b,
CARNEIRO6_022_Masai,thomson1887,Thomson 1887,"Thomson, J. 1887. Through Masai Land. London: Sampson Low, Marston, Searle, & Rivington.",,
CARNEIRO6_022_Masai,orrandgilks1931,Orr & Gilks 1931,"Orr, J. B., and Gilks, J. L. 1931. Studies in nutrition: the physique and health of two African tribes. London: H.M. Stationery Office",,
CARNEIRO6_023_Iroquois,morgan1901,Morgan 1901,"Morgan, L. H. 1901.League of the Ho-De-No-Sau-Nee or Iroquois. 2 Volumes. New York: Dodd, Mead and Co.",https://d-place.org/sources/morgan1901,
CARNEIRO6_023_Iroquois,noon1949,Noon 1949,"Noon, J. A. 1949. Law and Government of the Ground River Iroquois. New York: Viking Fund Publications.",https://d-place.org/sources/noon1949,
CARNEIRO6_023_Iroquois,schoolcraft1847,Schoolcraft 1847,"Schoolcraft, H. R. 1847. Notes on the Iroquois. Albany: Erastus H. Pease and Co.",,
,,,,,
CARNEIRO6_025_Nootka,colson1953,Colson 1953,"Colson, E. 1953. The Makah Indians. Minneapolis: University of Minnesota Press.",https://d-place.org/sources/colson1953,
CARNEIRO6_025_Nootka,cook1785,Cook 1784,"Cook, J. 1784. A Voyage to the Pacific Ocean. London.",https://d-place.org/sources/cook1785,different year
CARNEIRO6_025_Nootka,drucker1965,Drucker 1965,"Drucker, P. 1965. Cultures of the North Pacific Coast. San Francisco: Chandler.",https://d-place.org/sources/drucker1965,
CARNEIRO6_025_Nootka,drucker1951,Drucker 1951,"Drucker, P. 1951. The Northern and Central Nootkan Tribes. Washington: Government Printing Office.",https://d-place.org/sources/drucker1951,
CARNEIRO6_025_Nootka,sproat1868,Sproat 1868,"Sproat, G. M. 1868. Scenes and Studies of Savage Life. London: Smith Elder & Co.",,
CARNEIRO6_025_Nootka,jewitt1815,Jewitt 1815,"Jewitt, J. R. 1815. A Journal Kept at Nootka Sound.",,
CARNEIRO6_025_Nootka,swan1868,Swan 1868,"Swan, J. G. 1868. Indians of Cape Flattery. Washington: Smithsonian Institution.",https://d-place.org/sources/swan1868,
CARNEIRO6_025_Nootka,koppert1930b,Koppert 1930,"Koppert, V. A. 1930. Contributions to Clayoquot Ethnology. Washington: Catholic University of America.",https://d-place.org/sources/koppert1930b,
CARNEIRO6_025_Nootka,galianoandvaldes1930,Galiano & Valdés 1930,"Galiano, A. D., Valdés, C. 1930. A Spanish Voyage to Vancouver and the North-West Coast of America. London: The Argonaut Press.",,
CARNEIRO6_025_Nootka,boas1890,Boas 1890,"Boas, F. 1890. The Nootka. In Report of the British Association for the Advancement of Science, 582-604, 668-679. London: John Murray.",,
CARNEIRO6_025_Nootka,newcombe1909,Newcombe 1909,"Newcombe, C. F. 1909. Guide to Anthropological Collection in the Provincial Museum. Victoria: R. Wolfenden.",,
CARNEIRO6_025_Nootka,bancroft1875,Bancroft 1875,"Bancroft, H. H. 1875. Native Races of the Pacific States of North America. New York: D. Appleton & Co.",,
CARNEIRO6_025_Nootka,swadesh1948,Swadesh 1948,"Swadesh, M. 1948. Motivations in Nootka Warfare. Southwestern Journal of Anthropology, 4(1), 76-93.",,
CARNEIRO6_026_Mandan,bowers1950,Bowers 1950,"Bowers, A. W. 1950. Mandan Social and Ceremonial Organization. University of Chicago Press.",https://d-place.org/sources/bowers1950,
CARNEIRO6_026_Mandan,willandspinden1906,Will & Spinden 1906,"Will, G. F. & Spinden, H. J. 1906. The Mandans. Papers of the Peabody Museum 3(4). Cambridge, Mass.: The Museum.",https://d-place.org/sources/willandspinden1906,
CARNEIRO6_026_Mandan,deland1908,DeLand 1908,"DeLand, C. E. 1908. The Aborigines of South Dakota: The Mandan. South Dakota Historical Collections 4, 275-730.",,
CARNEIRO6_027_Callinago,taylor1938,Taylor 1938,"Taylor, D. 1938. The Caribs of Dominica. Bulletins of the Bureau of American Ethnology 119. Washington, D.C.: Smithsonian Institution.",https://d-place.org/sources/taylor1938,
CARNEIRO6_027_Callinago,taylor1946,Taylor 1946,"Taylor, D. 1946. Kinship and Social Structure of the Island Carib. Southwestern Journal of Anthropology 2. 180-212.",https://d-place.org/sources/taylor1946,
CARNEIRO6_027_Callinago,taylor1951,Taylor 1951,"Taylor, D. 1951. The Black Carib of British Honduras. Viking Fund Publ. Anth. 17. 1-176. New York: Viking Fund Publications in Anthropology, no. 17.",https://d-place.org/sources/taylor1951,
CARNEIRO6_027_Callinago,delaborde1886,de la Borde 1886,"de la Borde, P. 1886. History of the origin, customs, religion, wars and travels of the Caribs, Savages of the Antilles in America. Volume 5. Timehri.",,
CARNEIRO6_027_Callinago,rochefortnd,Rochefort [?],"Rochefort, C. [?]. Histoire Morale des Îles Antilles",,
CARNEIRO6_027_Callinago,rosny1886,Rosny 1886,"Rosny, L. 1886. Mémoires de la Société d'ethnographie. Volume 2. Paris.",,
CARNEIRO6_027_Callinago,labatnd,Labat [?],"Labat, J. B. [?]. Voyages.",,
CARNEIRO6_027_Callinago,loven1935,Lovén 1935,"Lovén S. 1935. Origins of the Tainan culture, West Indians. Go?teberg: Elanders boktryckeri aktiebolag.",,
CARNEIRO6_027_Callinago,ober1880,Ober 1880,Ober F. A. 1880. Camps in the Caribbees: The Adventures of a Naturalist in the Lesser Antilles. Boston: Lee and Shepard.,,
CARNEIRO6_027_Callinago,macnutt1912,MacNutt 1912,"MacNutt F. A, 1912. De Orbe Novo: The Eight Decades of Peter Martyr D'Anghera. New York: G.P. Putnam's Sons.",,
CARNEIRO6_027_Callinago,rouse1948a,Rouse 1948a,"Rouse, I. 1948a. The Arawak In J. H. Steward (Ed.), Handbook of South American Indians: The Circum-Caribbean Tribes (pp. 507-546). Washington, D.C.: Smithsonian Institution.",https://d-place.org/sources/rouse1948a,incollection - instead of article
CARNEIRO6_027_Callinago,rouse1948b,Rouse 1948b,"Rouse, I. 1948b. The Carib. In J. H. Steward (Ed.), Handbook of South American Indians: The Circum-Caribbean Tribes (pp. 547-565). Washington, D.C.: Smithsonian Institution.",https://d-place.org/sources/rouse1948b,incollection - instead of article
CARNEIRO6_027_Callinago,steward1948,Steward 1948,"Steward, J. H. 1948. The Circum-Caribbean Tribes: An Introduction. In J. H. Steward (Ed.), Handbook of South American Indians: The Circum-Caribbean Tribes (pp. 1-41). Washington, D.C.: Smithsonian Institution.",,
CARNEIRO6_027_Callinago,dutertre1667,Du Tertre 1667,"Du Tertre, J. B. 1667. Histoire générale des Antilles habitées par les François.",https://d-place.org/sources/dutertre1667,
CARNEIRO6_028_Trobriands,malinowski1922,Malinowski 1922,"Malinowski, B. 1922. Argonauts of the Western Pacific. London: George Routledge and Sons.",https://d-place.org/sources/malinowski1922,
CARNEIRO6_028_Trobriands,malinowski1926,Malinowski 1926,"Malinowski, B. 1926. Crime and Custom in Savage Society. New York: Harcourt, Brace.",https://d-place.org/sources/malinowski1926,
CARNEIRO6_028_Trobriands,malinowski1929,Malinowski 1929,"Malinowski, B. 1929. The Sexual Life of Savages in Northwestern Melanesia. New York: Horace Liveright.",https://d-place.org/sources/malinowski1929,
CARNEIRO6_028_Trobriands,malinowski1920,Malinowski 1920,"Malinowski, B. 1920. War and weapons among the natives of the Trobriand Islands. Man 20, 10-12.",https://d-place.org/sources/malinowski1920,article instead of book
CARNEIRO6_028_Trobriands,malinowski1935,Malinowski 1935,"Malinowski, B. 1935. Coral Gardens and Their Magic. New York: American Book Company.",https://d-place.org/sources/malinowski1935,
CARNEIRO6_028_Trobriands,malinowski1954,Malinowski 1954,"Malinowski, B. 1954. Magic, science and religion, and other essays. Garden City, N.Y.: Doubleday.",,
CARNEIRO6_028_Trobriands,seligmann1910,Seligmann 1910,"Seligmann, G. G. 1910. Melanesians of British New Guinea. Cambridge: University Press.",https://d-place.org/sources/seligmann1910,
CARNEIRO6_029_Kiwai,landtman1927,Landtman 1927,"Landtman, G. 1927. The Kiwai Papuans of British New Guinea. London: MacMillan.",https://d-place.org/sources/landtman1927,
CARNEIRO6_029_Kiwai,beaver1920,Beaver 1920,"Beaver, W. N. 1920. Unexplored New Guinea. Philadelphia: J. P. Lipincott.",,
CARNEIRO6_030_Mala,ivens1930,Ivens 1928,"Ivens, W. G. (1928). The Island Builders of the Pacific. Philadelphia: J. B. Lippincott.",https://d-place.org/sources/ivens1930,
CARNEIRO6_030_Mala,russell1950,Russell 1950,"Russell, T. (1950). The Fataleka of Malaita. Oceania 21(1), 1-13.",,
CARNEIRO6_031_Hottentots,schapera1930,Schapera 1930,"Schapera, I. (1930). The Khoisan Peoples of South Africa: Bushmen and Hottentots. London: George Routledge and Sons.",https://d-place.org/sources/schapera1930,
CARNEIRO6_031_Hottentots,schapera1956,Schapera 1956,"Schapera, I. (1956). Government and politics in tribal societies. London: Watts.",,
CARNEIRO6_032_Navajo,curtis1907,Curtis 1907,"Curtis, E. S. (1907). The North American Indian. Volume 1. Cambridge: The University Press.",,
CARNEIRO6_032_Navajo,reichard1950,Reichard 1950,Reichard G. A. (1950). Navaho religion: a study of symbolism. Volumes 1-2. New York: Pantheon Books.,,
CARNEIRO6_032_Navajo,kluckhohnandleighton1946,Kluckhohn & Leighton 1962,"Kluckhohn, C. & Leighton, D. C. (1962). The Navaho. Garden City, NY: Doubleday.",https://d-place.org/sources/kluckhohnandleighton1946,
CARNEIRO6_032_Navajo,reichard1928,Reichard 1928,"Reichard, G. A. (1928). Social Life of the Navajo Indians. Columbia University Contributions to Anthropology 7. New York:  Columbia University Press.",https://d-place.org/sources/reichard1928,
CARNEIRO6_032_Navajo,franciscanfathers1910,Franciscan Fathers 1910,"Franciscan Fathers (1910). An ethnologic dictionary of the Navaho language. Saint Michaels, Ariz.: Franciscan Fathers.",,
CARNEIRO6_032_Navajo,hill1936,Hill 1936,"Hill, W. W. (1936). Navaho warfare. New Haven: Yale University Press.",,
CARNEIRO6_032_Navajo,dyk1947,Dyk 1947,"Dyk, W. (1947). A Navaho autobiography. Viking Fund Publications in Anthropology. New York.",,
,,,,,
CARNEIRO6_034_Manobo,garvan1931,Garvan 1931,"Garvan, J. M. 1931. The Manóbos of Mindanáo. Memoirs of National Academy of Sciences 23. Washinton, D.C.: National Academy of Science.https://d-place.org/sources/garvan1931",https://d-place.org/sources/garvan1931,slightly different title
CARNEIRO6_035_Atayal,asai1950,Asai 1950,"Asai, E. 1950. Social Structure of the Tribes in Formosa. Unpublished lecture given at Yale.",NA,
CARNEIRO6_035_Atayal,guerinandbernard1868,Guérin & Bernard 1868,"Guérin, M., Bernard, J. 1868. Les Aborigčnes de l'île de Formose. In ""Bulletin de la Société de Géographie"", 5th series, Volume 15, 542-568. Paris.",NA,
CARNEIRO6_035_Atayal,hagenauer1929,Hagenauer 1929,"Hagenauer, C. 1929. Les Tayal de Formose. In ""Bulletin de la Maison Franco-Japonaise, Serie Francaise"", Volume 2, 25-46. Tokyo.",NA,
CARNEIRO6_035_Atayal,wiedfeldt1914,Wiedfeldt 1914,"Wiedfeldt, O. 1914. Wirtschaftliche, Rechtliche Und Soziale Grundtatsachen und Grundformen der Atayalen auf Formosa. In ""Mitteilungen der Deutschen Gesellschaft für Natur- und Völkerkunde Ostasiens"", Volume 15, 7-55. Tokyo.",NA,
CARNEIRO6_035_Atayal,mcgovern1922,McGovern 1922,"McGovern, J. B. M. 1922. Among the Head-Hunters of Formosa. Boston: Small, Maynard & Co.",NA,
CARNEIRO6_036_Todas,rivers1906,Rivers 1932,"Rivers, W. H. R. (1932). The Todas. London: Macmillan and Co. Ltd.",https://d-place.org/sources/rivers1906,
CARNEIRO6_036_Todas,murdock1934,Murdock 1934,"Murdock, G. P. (1934). The Todas of Southern India. In Our Primitive Contemporaries (pp. 107-134). New York: Macmillan.",,"incollection instead of book, specific chapter"
CARNEIRO6_036_Todas,marshall1873,Marshall 1873,"Marshall, W. E. (1873). Travels amongst the Todas. London: Longmans, Green and Co.",https://d-place.org/sources/marshall1873,different book
CARNEIRO6_036_Todas,thurston1909,Thurston 1909,"Thurston, E. (1909). Toda. In Castes And Tribes Of Southern India, Volume 7 (pp. 116-167). Madras: Government Press.",,
CARNEIRO6_037_Nuer,evanspritchard1940b,Evans-Pritchard 1940,"Evans-Pritchard, E. E. (1940). The Nuer. Oxford: Clarendon Press.",https://d-place.org/sources/evanspritchard1940b,
CARNEIRO6_037_Nuer,seligmanandseligman1932,Seligman & Seligman 1932,"Seligman, C. S. & Seligman, B. Z. (1932). Pagan tribes of the Nilotic Sudan. London: George Routledge & Sons, Ltd.",https://d-place.org/sources/seligmanandseligman1932,
CARNEIRO6_037_Nuer,evanspritchard1956,Evans-Pritchard 1956,"Evans-Pritchard, E. E. (1956). The Nuer Religion. Oxford: Clarendon Press.",,
CARNEIRO6_037_Nuer,howell1954,Howell 1954,"Howell, P. P. (1954). A manual of Nuer law. London: Oxford University Press.",,
CARNEIRO6_037_Nuer,santandrea1944,Santandrea 1944-1945,"Santandrea, S. (1944-1945). The Luo of the Bahr el Ghazal. In ""Annali Lateranensi"" (various volumes)",,
CARNEIRO6_038_Tolowa,gouldperscommnd,Gould [?],"Gould, R. A. [?]. Pers. comm.",,
,,,,,
CARNEIRO6_040_Omaha,fletcherandlaflesche1911,Fletcher & La Flesche 1911,"Fletcher, A. C. & La Flesche, F. (1911). The Omaha Tribe. Annual Reports of the Bureau of American Ethnology 27. 17-672.",https://d-place.org/sources/fletcherandlaflesche1911,
CARNEIRO6_040_Omaha,bushnell1927,Bushnell 1927,"Bushnell, D. I. (1927). Burials of the Algonquian, Siouan and Caddoan tribes west of the Mississippi. Washington: Smithsonian Institution.",,
CARNEIRO6_040_Omaha,dorsey1896,Dorsey 1896,"Dorsey, J. O. (1896). Omaha dwelling, furniture, and implements. Thirteenth annual report of the Bureau of Ethnology, 1891-92, 263-288.",,
CARNEIRO6_040_Omaha,dorsey1894,Dorsey 1894,"Dorsey, J. O. (1894). A study of Siouan cults. Eleventh annual report of the Bureau of Ethnology, 1889-1890, 351-544.",,
CARNEIRO6_040_Omaha,dorsey1884,Dorsey 1884,"Dorsey, J. O. (1884). Omaha Sociology. Annual Reports of the Bureau of American Ethnology 3. 205-320.",https://d-place.org/sources/dorsey1884,
CARNEIRO6_040_Omaha,lowie1954,Lowie 1954,"Lowie, R. H. (1954). Indians of the Plains. New York: American Museum of Natural History.",,
CARNEIRO6_040_Omaha,bushnell1922,Bushnell 1922,"Bushnell, D. I. (1922). Villages of the Algonquian, Siouan and Caddoan tribes west of the Mississippi. Washington: Smithsonian Institution.",https://d-place.org/sources/bushnell1922,
CARNEIRO6_040_Omaha,james1823,James 1823,"James, E. (1823). Account of an Expedition from Pittsburgh to the Rocky Mountains, performed in the years 1819, 1820. London: Longman, Hurst, Rees, Orme and Brown.",,
CARNEIRO6_041_Delaware,newcomb1956,Newcomb 1956,"Newcomb, W. W. Jr. (1956). The Culture and Acculturation of the Delaware. Anth. Pap. Mus. Anth. Univ. Michigan 10. 1-141.",https://d-place.org/sources/newcomb1956,
CARNEIRO6_041_Delaware,harrington1921,Harrington 1921,"Harrington, M. R. (1921). Religion and Ceremonies of the Lenape. Heye Foundation.",,
CARNEIRO6_041_Delaware,skinner1909,Skinner 1909,"Skinner, A. (1909). The Lenape Indians of Staten Island. Anthr. Papers Amer. Mus. Nat. His vol. 3, New York.",,
CARNEIRO6_041_Delaware,wallace1947a,Wallace 1947,"Wallace, A. F. C. (1947). Woman, Land, and Society: Three Aspects of Aboriginal Delaware Life. Pennsylvania Archaeologist 17. 1-35.",https://d-place.org/sources/wallace1947a,
CARNEIRO6_041_Delaware,macleod1922,MacLeod 1922,"MacLeod, W. C. (1922). The Family Hunting Territory and Lenápe Political Organization. American Anthropologist 24(4), 448-463.",,
CARNEIRO6_042_Tupinamba,lery1880,Léry [?],"Léry, J [?]. Histoire d'un voyage faict en la terre du Brésil.",https://d-place.org/sources/lery1880,
CARNEIRO6_042_Tupinamba,abbeville1614,Abbeville 1614,"Abbeville, C. d'. 1614. Histoire de la Mission des Peres Capucins en l'Isle de Maragnan et terres circonuoisines. Paris: L'Imprimérie de François Huby.",https://d-place.org/sources/abbeville1614,
CARNEIRO6_042_Tupinamba,metraux1948c,Métraux 1948,"Metraux, A. 1948. The Tupinamba. In J. H. Steward (Ed.), Handbook of South American Indians: The Tropical Forest Tribes (pp. 95-133). Washington: Smithsonian Institution.",https://d-place.org/sources/metraux1948c,incollection instead of misc
CARNEIRO6_042_Tupinamba,staden1928,Staden 1928,"Staden, H. 1928. The True Story of His Captivity. London: G. Routledge & Sons.",https://d-place.org/sources/staden1928,
CARNEIRO6_042_Tupinamba,pinto1938,Pinto 1938,"Pinto, P. 1938. Os Indigenas do nordeste. Volume 2. Sao Paulo.",,
CARNEIRO6_042_Tupinamba,metraux1950,Métraux 1950,"Metraux, A. 1950. A religiăo dos Tupinambás. Sao Paulo.",,
CARNEIRO6_043_Cayapa,barrett1925,Barrett 1925,"Barrett, S. A. 1925. The Cayapa Indians of Ecuador. Volumes 1-2. Indian Notes and Monographs 40. 1-476. New York: Haye Foundation.",https://d-place.org/sources/barrett1925,
,,,,,
CARNEIRO6_045_Kutenai,chamberlain1892,Chamberlain 1892,"Chamberlain, A. F. (1892). Report on the Kootenay Indians of South-Eastern British Columbia. Reports of the British Association forthe Advancement of Science 62, 549-617.",https://d-place.org/sources/chamberlain1892,
CARNEIRO6_045_Kutenai,turneyhigh1941,Turney-High 1941,"Turney-High, H. H. (1941). Ethnography of the Kutenai. (Memoirs of the American Anthropological Association 56) Menasha, Wisc.: American Anthropological Association.",https://d-place.org/sources/turneyhigh1941,
CARNEIRO6_045_Kutenai,curtis1911,Curtis 1911,"Curtis, E. S. (1911). The North American Indian. Volume 7. New York:",,
CARNEIRO6_045_Kutenai,chamberlain1905,Chamberlain 1905,"Chamberlain, A. F. (1905). The Kootenay Indian. Annual Archaeological Report Ontario.",,
CARNEIRO6_046_Tehuelche,falkner1935,Falkner 1935,"Falkner, T. (1935). A description of Patagonia and the Adjoining Parts of South America. Chicago: Armann & Armann.",,
CARNEIRO6_046_Tehuelche,coan1880,Coan 1880,"Coan, T. (1880). Adventures in Patagonia: a missionary's exploring trip (Vol. 2). New Yorks: Dodd, Mead & Co.",,
CARNEIRO6_047_Abipones,dobrizhoffer1822,Dobrizhoffer 1822,"Dobrizhoffer, M. (1822). An Account of the Abipones (Volumes I-III). London: John Murray.",https://d-place.org/sources/dobrizhoffer1822,
CARNEIRO6_048_Guarani,machon1898,Machon 1898,"Machon, F. (1898). The Cainguá of Paraguay. Popular Science Monthly 52, 400-405.",,
CARNEIRO6_048_Guarani,metraux1928,Métraux 1928,"Métraux, A. (1928). La civilisation matérielle des tribus Tupi-Guarani. Paris: P. Geuthner.",,
CARNEIRO6_048_Guarani,metraux1948d,Métraux 1948,"Métraux, A. (1948). The Guaraní. In J. H. Steward (Ed.), Handbook of South American Indians: The Tropical Forest Tribes (pp. 69-94). Washington: Smithsonian Institution.",,
CARNEIRO6_048_Guarani,radin1942,Radin 1942,"Radin, P. (1942). Indians of South America. Garden City, N.Y.: Doubleday, Doran & Co.",,
CARNEIRO6_048_Guarani,service1951,Service 1951,"Service, E. R. (1951). The encomienda in Paraguay. The Hispanic American Historical Review, 31(2), 230-252.",,
CARNEIRO6_048_Guarani,service1954,Service 1954,"Service, E. R. (1954). Spanish-Guarani Relations in Early Colonial Paraguay. Ann Arbor: University of Michigan Press.",,
CARNEIRO6_048_Guarani,watson1947,Watson 1947,"Watson, V. D. (1947). Ciudad Real: A Guarani-Spanish site on the alto Paraná river. American Antiquity, 13(2), 163-176.",,
CARNEIRO6_048_Guarani,watson1952,Watson 1952,"Watson, J. B. (1952). Cayuá culture change: a study in acculturation and methodology. American Anthropological Association.",https://d-place.org/sources/watson1952,
CARNEIRO6_049_Blackfoot,ewers1971,Ewers 1958,"Ewers, J. C. (1958). The Blackfeet: Raiders on The Northwestern Plains. Norman: University of Oklahoma Press.",https://d-place.org/sources/ewers1971,
CARNEIRO6_050_Tukuna,nimenuendaju1952,Nimuendajú 1952,"Nimuendajú, C. (1952). The Tukuna. University of California Publications in American Archaeology and Ethnology 45. Berkeley & Los Angeles: University of California Press.",https://d-place.org/sources/nimenuendaju1952,Nimuendajú not Nimenuendaju
CARNEIRO6_051_Kuikuru,,NA,NA,,
CARNEIRO6_052_Cubeo,goldman1948,Goldman 1948,"Goldman, I. (1948). Tribes of the Uaupés-Caquetá region. In J. H. Steward (Ed.), Handbook of South American Indians: The Tropical Forest Tribes (pp. 763-798). Washington: Smithsonian Institution.",https://d-place.org/sources/goldman1948,incollection instead of article
CARNEIRO6_052_Cubeo,goldman1963,Goldman 1963,"Goldman, I. (1963). The Cubeo Indians. Illinois Studies in Anthropology 2. Urbana: University of Illinois Press,",https://d-place.org/sources/goldman1963,
CARNEIRO6_052_Cubeo,rice1910,Rice 1910,"Rice, H. (1910). The River Uaupés. The Geographical Journal 35(6), 682-700.",,
CARNEIRO6_053_Havasupai,spier1928,Spier 1928,"Spier, L. (1928). Havasupai Ethnography. Anthropological Papers of the American Museum of Natural History 29. New York: AMS Press.",https://d-place.org/sources/spier1928,
CARNEIRO6_054_Zambales_Negritos,reed1904,Reed 1904,"Reed, W. A. (1904). Negritos of Zambales (Ethnological Survey Publications, Vol. 2). Manilla: Bureau of Public Printing.",https://d-place.org/sources/reed1904,
CARNEIRO6_054_Zambales_Negritos,kroeber1943,Kroeber 1943,"Kroeber, A. L. (1943). Peoples of the Philippines (Handbook Series no.8). New York: American Museum of Natural History.",,
CARNEIRO6_054_Zambales_Negritos,faycooper1945,Fay-Cooper 1945,"Fay-Cooper, C. (1945). The Peoples of Malaysia. New York: D. Van Nostrand, Inc.",,
CARNEIRO6_055_Yanomamo,,NA,NA,,
CARNEIRO6_056_Chavante_Shavante,mayburylewis1967,Maybury-Lewis 1967,"Maybury-Lewis, D. (1967). Akwe-Shavante Society. Oxford: Clarendon Press.",https://d-place.org/sources/mayburylewis1967,
CARNEIRO6_057_Barama_River_Caribs,gillin1936,Gillin 1936,"Gillin, J. P. (1936). The Barama river Caribs of British Guiana. Cambridge: Peabody Museum of Archeology and Ethnology.",https://d-place.org/sources/gillin1936,
CARNEIRO6_058_Chippewa,,NA,NA,,
CARNEIRO6_059_Lengua,grubb1911,Grubb 1925,"Grubb, W. B. 1925. An Unknown People in an Unknown Land. London: Seeley, Service.",https://d-place.org/sources/grubb1911,
CARNEIRO6_059_Lengua,hawtrey1901,Hawtrey 1901,"Hawtrey, S. H. C. 1901. The Lengua Indians of the Paraguayan Chaco. Journal of the Royal Anthropological Institute 31. 280-299.",https://d-place.org/sources/hawtrey1901,
CARNEIRO6_060_Karankawa,gatschet1891,Gatschet 1891,"Gatschet, A. S. (1891). The Karankawa Indians: The Coast People of Texas. Cambridge: Peabody Museum of Archeology and Ethnology.",https://d-place.org/sources/gatschet1891,
CARNEIRO6_060_Karankawa,newcomb1961,Newcomb 1961,"Newcomb, W.W. (1961). The Indians of Texas. Austin: University of Texas Press.",https://d-place.org/sources/newcomb1961,
CARNEIRO6_060_Karankawa,schaedel1949,Schaedel 1949,"Schaedel, R. P. (1949). The Karankawa of the Texas Gulf Coast. Southwestern Journal of Anthropology 5. 117-137.",https://d-place.org/sources/schaedel1949,
CARNEIRO6_061_Murngin,warner1958,Warner 1958,"Warner, W. L. 1958. A Black Civilization: A Social Study of an Australian Tribe. New York: Harper and Row.",https://d-place.org/sources/warner1958,
CARNEIRO6_062_Ammassalik_Eskimo,holm1914,Holm 1914,"Holm, G. (1914). Ethnological Sketch of the Angmagsalik Eskimo. In W. Thalbitzer (ed.), The Ammassalik Eskimo (pp. 1-147). Copenhagen: Bianco Luno.",https://d-place.org/sources/holm1914,
CARNEIRO6_063_Amahuaca,,NA,NA,,
CARNEIRO6_064_Andamanese,man1883,Man 1883,"Man, E. H. (1883). On the Aboriginal Inhabitants of the Andaman Islands. London: Tru?bner & Co.",https://d-place.org/sources/man1883,reprinted book (instead of article)
CARNEIRO6_064_Andamanese,radcliffebrown1922,Radcliffe-Brown 1922,"Radcliffe-Brown, A. R. (1922). The Andaman Islanders. Cambridge: University Press.",https://d-place.org/sources/radcliffebrown1922,
CARNEIRO6_066_Pitjanjatjara,gouldperscomm1967,Gould 1967,"Gould, R. A. (1967). Pers. comm.",,
CARNEIRO6_065_Vedda,seligmannandseligmann1911,Seligman & Seligman 1911,"Seligman, C. S. & Seligman, B. Z. (1911). The Veddas. Cambridge: Cambridge University Press.",https://d-place.org/sources/seligmannandseligmann1911,
CARNEIRO6_067_Bushmen,schapera1930,Schapera 1930,"Schapera, I. (1930). The Khoisan Peoples of South Africa: Bushmen and Hottentots. London: Routledge & Sons.",https://d-place.org/sources/schapera1930,The same se for Hottentots
CARNEIRO6_068_Semang,murdock1934b,Murdock 1935,"Murdock, G. P. (1935). Our Primitive Contemporaries. New York: Macmillan.",https://d-place.org/sources/murdock1934b,
CARNEIRO6_068_Semang,skeatandblagden1906,Skeat & Blagden 1906,"Skeat, W. W. & Blagden, C. O. (1906). Pagan races of the Malay Peninsula. London: Macmillan.",https://d-place.org/sources/skeatandblagden1906,
CARNEIRO6_068_Semang,schebesta1927,Schebesta 1940,"Schebesta, P. (1940). Among the Forest Dwarfs of Malaya. London: Hutchinson & Co.",https://d-place.org/sources/schebesta1927,
CARNEIRO6_069_Siriono,holmberg1950,Holmberg 1969,"Holmberg, A. R. (1969). Nomads of the Long Bow: The Siriono of Eastern Bolivia. Garden City, NY: The Natural History Press.",https://d-place.org/sources/holmberg1950,
CARNEIRO6_069_Siriono,ryden1941,Rydén 1941,"Rydén, Stig (1941). A Study of the Siriono Indians. Göteborg: Elanders Boktryckeri Aktiebolag.",,
CARNEIRO6_070_Ona,cooper1946b,Cooper 1946,"Cooper, J. M. (1946). The Ona. In J. H. Steward (Ed.), Handbook of South American Indians: Marginal Tribes (pp. 105-125). Washington: Smithsonian Institution.",https://d-place.org/sources/cooper1946b,
CARNEIRO6_070_Ona,lothrop1928,Lothrop 1928,"Lothrop, S. K. (1928). The Indians of Tierra del Fuego. New York: Museum of the American Indian, Heye Foundation.",https://d-place.org/sources/lothrop1928,
CARNEIRO6_070_Ona,bridges1949,Bridges 1950,"Bridges, E. L. (1950). Uttermost Part of the Earth. New York: E. P. Dutton.",https://d-place.org/sources/bridges1949,different year
CARNEIRO6_070_Ona,lowie1933,Lowie 1933,"Lowie, R. H. 1933. Selk'nam Kinship Terms. American Anthropologist 35(3), 546-548.",,
CARNEIRO6_070_Ona,hatcher1901,Hatcher 1901,"Hatcher, J. B. 1901. Indian Tribes of Southern Patagonia. National Geographic Magazine 12, 12-28.",,
CARNEIRO6_070_Ona,furlong1917a,Furlong 1917a,"Furlong, C. W. 1917a. Tribal Distribution and Settlements of the Fuegians, Comprising Nomenclature, Etymology, Philology, and Populations. Geographical Review 3(3), 169-187",,
CARNEIRO6_070_Ona,furlong1917b,Furlong 1917b,"Furlong. C. W. 1917b. The Haush and Onas: Primitive tribes of Tierra del Fuego. Proceedings of 19th International Conference of Americanists, Dec. 1915. Washington D.C. pp. 432-444",,
CARNEIRO6_070_Ona,furlong1933,Furlong 1933,"Furlong, C. W. 1933. Exploration in Tierra del Fuego and the Fuegian Archipielago. Geographical Journal  81 (3), 211-226.",,
CARNEIRO6_071_Tasmanians,roth1890,Roth 1890,"Roth, H. L. (1890). The Aborigines of Tasmania. London: Kegan Paul, Trench, Trubner & Co.",https://d-place.org/sources/roth1890,
CARNEIRO6_071_Tasmanians,bonwick1870,Bonwick 1870,"Bonwick, J. (1870). Daily Life and Origin of the Tasmanians. London: Sampson Low, Son & Marston",,
CARNEIRO6_071_Tasmanians,murdock1935,Murdock 1935,"Murdock, G. P. (1935). Our Primitive Contemporaries. New York: Macmillan.",,https://d-place.org/sources/murdock1934b the same as for Semang
CARNEIRO6_072_Alacaluf,bird1946,Bird 1946,"Bird, J. (1946). The Alacaluf. In J. H. Steward (Ed.), Handbook of South American Indians: Marginal Tribes (pp. 55-80). Washington, D.C.: Smithsonian Institution.",https://d-place.org/sources/bird1946,
CARNEIRO6_072_Alacaluf,emperaire1955,Emperaire 1955,"Emperaire, J. (1955). Les nomades de la mer. Paris: Gallimard.",,
CARNEIRO6_073_Zulu,tyler1891,Tyler 1891,"Tyler, J. 1891. Forty Years Among The Zulus. Boston: Congregational Sunday-school and Publishing Society.",,
CARNEIRO6_073_Zulu,gardiner1836,Gardiner 1836,"Gardiner, A. F. 1836. Narrative of a Journey to the Zoolu Country. London: W. Crofts.",,
CARNEIRO6_073_Zulu,krige1936,Krige 1936,"Krige, E. J. 1936. The Social System of the Zulus. London: Longmans.",https://d-place.org/sources/krige1936,
CARNEIRO6_073_Zulu,gibson1903,Gibson 1903,"Gibson, J. Y. 1903. The story of the Zulus. Pietermaritzburg: P. Davis & Sons.",,
CARNEIRO6_073_Zulu,otterbein1967,Otterbein 1967,"Otterbein, K. F. 1967. The Evolution of Zulu Warfare. In P. Bohannan (Ed.), Law And Warfare (pp. 351-358). Garden City: The Natural History Press.",,
CARNEIRO6_073_Zulu,farrer1879,Farrer 1879,"Farrer, J. A. 1879. Zululand And The Zulus. London: Kerby & Endean.",,
CARNEIRO6_073_Zulu,gluckman1940,Gluckman 1940,"Gluckman, M. 1940. The Kingdom of the Zulu in South Africa. In Fortes and Evans-Pritchard (eds.), African Political Systems, 25-55.",https://d-place.org/sources/gluckman1940,
CARNEIRO6_073_Zulu,bryant1965,Bryant 1965,"Bryant, A. T. 1965. Olden Times in Zululand and Natal. Capetown: C. Struik.",,
CARNEIRO6_073_Zulu,leslie1875,Leslie 1875,"Leslie, D. 1875. Among the Zulus and Amatongas. Edinburgh: Edmonton & Douglas.",,
CARNEIRO6_073_Zulu,callaway1884,Callaway 1884,"Callaway, H. 1884. The religious system of the Amazulu.",,
CARNEIRO6_073_Zulu,robertson1875,Robertson 1875,"Robertson, H. 1875. Mission Life Among the Zulu-Kafirs.",,
CARNEIRO6_075_Klallam,gunthere1927,Gunther 1927,"Gunther, E. 1927. Klallam Ethnography. University of Washington Publications in Anthropology 1(5), 171-314. Seattle: University of Washington Press.",https://d-place.org/sources/gunthere1927,
CARNEIRO6_075_Klallam,vancouver1798,Vancouver 1798,"Vancouver, G. 1798. A voyage of discovery to the north Pacific Ocean, and round the world. Volume 2. London: G.G. and J. Robinson.",,
CARNEIRO6_075_Klallam,eells1887b,Eells 1887b,"Eells, M. 1887. The Twana, Chemakum and Clallum Indians of Washington. Ann. Rep. Smiths. Inst. 1886-87. 605-681.",https://d-place.org/sources/eells1887b,
CARNEIRO6_075_Klallam,eells1879,Eells 1879,"Eells, M. 1879. The religion of the Clallam and Twana Indians. The American Antiquarian 2(1), 8-14.",,
CARNEIRO6_075_Klallam,eells1888,Eells 1888,"Eells, M. 1888. Indians of Puget Sound. Sixth Paper: Measuring and Valuing. The American Antiquarian 10(3), 174-178.",,
CARNEIRO6_075_Klallam,curtis1912,Curtis 1913,"Curtis, E. S. 1913. The Coast Salish Tribes, Chimakum, Quilliute, and Willapa (The North American Indian 9). Norwood: The Plimpton Press.",https://d-place.org/sources/curtis1912,
CARNEIRO6_075_Klallam,martinetal1947,Martin et al. 1947,"Martin, P. S., and Quimby, G. I., and Collier, D. 1947. Indians before Columbus. Chicago: University of Chicago Press.",,
CARNEIRO6_076_Xikrin,love1966,Love 1966,Love (1966). Pers. Comm.,,
CARNEIRO6_077_Seri,kroeber1931,Kroeber 1931,"Kroeber, A. L. 1931. The Seri. (Southwest Museum Papers 6) Los Angeles: Southwest Museum.",https://d-place.org/sources/kroeber1931,
CARNEIRO6_077_Seri,mcgee1898,McGee 1898,"McGee, W. J. 1898. The Seri Indians. In Seventeenth Annual Report of the Bureau of American Ethnology to the Secretary of the Smithsonian Institution, 1895-1896, 1-344. Washington, D.C.: Smithsonian Institution.",https://d-place.org/sources/mcgee1898,
CARNEIRO6_077_Seri,beals1932,Beals 1932,"Beals, R. L. 1932. The Comparative Ethnology of Northern Mexico Before 1750. (Ibero-Americana 2). Berkeley: University of California Press.",,
CARNEIRO6_077_Seri,davisanddawson1945,Davis & Dawson 1945,"Davis, E. H., and Dawson, E. Y. 1945. The Savage Seris of Sonora. The Scientific Monthly 60(3-4), 193–202,261-268.",,
CARNEIRO6_077_Seri,coolidgeandcoolidge1939,Coolidge & Coolidge 1939,"Coolidge, D., and Coolidge, M. R. 1939. The Last of the Seris. New York: E. P. Dutton & Co.",,
CARNEIRO6_078_Agta,headlandperscomm1986,Headland 1986,"Headland, T. N. (1986). pers. comm.",,
CARNEIRO6_079_Chipewyan,franklin1824,Franklin 1824,"Franklin, J. 1824. Narrative of a journey to the shores of the Polar sea, in the years 1819-20-21-22. London: J. Murray.",,
CARNEIRO6_079_Chipewyan,mackenzie1801,Mackenzie 1801,"Mackenzie, A. 1801. Voyages from Montreal, on the River St. Laurence, through the Continent of North America, to the Frozen and Pacific Oceans. London: T. Cadell.",,
CARNEIRO6_079_Chipewyan,birketsmith1930,Birket-Smith 1930,"Birket-Smith, K. 1930. Contributions to Chipewyan Ethnology. (Report of the Fifth Thule Expedition, 1921-24, 6(3)). Copenhagen: Gyldendalske Boghandel.",https://d-place.org/sources/birketsmith1930,
CARNEIRO6_079_Chipewyan,vanstone1963,VanStone 1963,"VanStone, J. W. 1963. The Snowdrift Chipewyan. Ottawa: Northern Co-ordination and Research Centre.",,
CARNEIRO6_079_Chipewyan,tyrrell1934,Tyrrell 1934,"Tyrrell, J. B. 1934. Journals of Samuel Hearne and Philip Turnor. Toronto: The Champlain Society.",,
CARNEIRO6_079_Chipewyan,hearne1795,Hearne 1795,"Hearne, S. 1795. A journey from Prince of Wales's fort in Hudson's Bay to the Northern Ocean. London: A. Strahan and T. Cadell.",,
CARNEIRO6_079_Chipewyan,curtis1928,Curtis 1928,"Curtis, E. S. 1928. The Chipewyan, Cree, and Sarsi (The North American Indian 18). Norwood: The Plimpton Press.",,
CARNEIRO6_080_Kubu,loeb1935,Loeb 1935,"Loeb, E. M. 1935. Sumatra: Its History And People. Vienna: Verlag des Institutes für Völkerkunde der Universität Wien.",https://d-place.org/sources/loeb1935,
CARNEIRO6_080_Kubu,forbes1885,Forbes 1885,"Forbes, H. O. 1885. On the Kubus of Sumatra. The Journal of the Anthropological Institute of Great Britain and Ireland 13, 121-127.",,
CARNEIRO6_080_Kubu,tassilo1928,Tassilo 1928,"Tassilo, A. 1928. The Kubu Forestmen of Sumatra. Scientific American 139 (4), 312-316.",,
