ID,Var_ID,Name,Description,ord
CARNEIRO6_001-0,CARNEIRO6_001,absent,absent,0
CARNEIRO6_001-1,CARNEIRO6_001,present,present,1
CARNEIRO6_002-0,CARNEIRO6_002,absent,absent,0
CARNEIRO6_002-1,CARNEIRO6_002,present,present,1
CARNEIRO6_003-0,CARNEIRO6_003,absent,absent,0
CARNEIRO6_003-1,CARNEIRO6_003,present,present,1
CARNEIRO6_004-0,CARNEIRO6_004,absent,absent,0
CARNEIRO6_004-1,CARNEIRO6_004,present,present,1
CARNEIRO6_005-0,CARNEIRO6_005,absent,absent,0
CARNEIRO6_005-1,CARNEIRO6_005,present,present,1
CARNEIRO6_006-0,CARNEIRO6_006,absent,absent,0
CARNEIRO6_006-1,CARNEIRO6_006,present,present,1
CARNEIRO6_007-0,CARNEIRO6_007,absent,absent,0
CARNEIRO6_007-1,CARNEIRO6_007,present,present,1
CARNEIRO6_008-0,CARNEIRO6_008,absent,absent,0
CARNEIRO6_008-1,CARNEIRO6_008,present,present,1
CARNEIRO6_009-0,CARNEIRO6_009,absent,absent,0
CARNEIRO6_009-1,CARNEIRO6_009,present,present,1
CARNEIRO6_010-0,CARNEIRO6_010,absent,absent,0
CARNEIRO6_010-1,CARNEIRO6_010,present,present,1
CARNEIRO6_011-0,CARNEIRO6_011,absent,absent,0
CARNEIRO6_011-1,CARNEIRO6_011,present,present,1
CARNEIRO6_012-0,CARNEIRO6_012,absent,absent,0
CARNEIRO6_012-1,CARNEIRO6_012,present,present,1
CARNEIRO6_013-0,CARNEIRO6_013,absent,absent,0
CARNEIRO6_013-1,CARNEIRO6_013,present,present,1
CARNEIRO6_014-0,CARNEIRO6_014,absent,absent,0
CARNEIRO6_014-1,CARNEIRO6_014,present,present,1
CARNEIRO6_015-0,CARNEIRO6_015,absent,absent,0
CARNEIRO6_015-1,CARNEIRO6_015,present,present,1
CARNEIRO6_016-0,CARNEIRO6_016,absent,absent,0
CARNEIRO6_016-1,CARNEIRO6_016,present,present,1
CARNEIRO6_017-0,CARNEIRO6_017,absent,absent,0
CARNEIRO6_017-1,CARNEIRO6_017,present,present,1
CARNEIRO6_018-0,CARNEIRO6_018,absent,absent,0
CARNEIRO6_018-1,CARNEIRO6_018,present,present,1
CARNEIRO6_019-0,CARNEIRO6_019,absent,absent,0
CARNEIRO6_019-1,CARNEIRO6_019,present,present,1
CARNEIRO6_020-0,CARNEIRO6_020,absent,absent,0
CARNEIRO6_020-1,CARNEIRO6_020,present,present,1
CARNEIRO6_021-0,CARNEIRO6_021,absent,absent,0
CARNEIRO6_021-1,CARNEIRO6_021,present,present,1
CARNEIRO6_022-0,CARNEIRO6_022,absent,absent,0
CARNEIRO6_022-1,CARNEIRO6_022,present,present,1
CARNEIRO6_023-0,CARNEIRO6_023,absent,absent,0
CARNEIRO6_023-1,CARNEIRO6_023,present,present,1
CARNEIRO6_024-0,CARNEIRO6_024,absent,absent,0
CARNEIRO6_024-1,CARNEIRO6_024,present,present,1
CARNEIRO6_025-0,CARNEIRO6_025,absent,absent,0
CARNEIRO6_025-1,CARNEIRO6_025,present,present,1
CARNEIRO6_026-0,CARNEIRO6_026,absent,absent,0
CARNEIRO6_026-1,CARNEIRO6_026,present,present,1
CARNEIRO6_027-0,CARNEIRO6_027,absent,absent,0
CARNEIRO6_027-1,CARNEIRO6_027,present,present,1
CARNEIRO6_028-0,CARNEIRO6_028,absent,absent,0
CARNEIRO6_028-1,CARNEIRO6_028,present,present,1
CARNEIRO6_029-0,CARNEIRO6_029,absent,absent,0
CARNEIRO6_029-1,CARNEIRO6_029,present,present,1
CARNEIRO6_030-0,CARNEIRO6_030,absent,absent,0
CARNEIRO6_030-1,CARNEIRO6_030,present,present,1
CARNEIRO6_031-0,CARNEIRO6_031,absent,absent,0
CARNEIRO6_031-1,CARNEIRO6_031,present,present,1
CARNEIRO6_032-0,CARNEIRO6_032,absent,absent,0
CARNEIRO6_032-1,CARNEIRO6_032,present,present,1
CARNEIRO6_033-0,CARNEIRO6_033,absent,absent,0
CARNEIRO6_033-1,CARNEIRO6_033,present,present,1
CARNEIRO6_034-0,CARNEIRO6_034,absent,absent,0
CARNEIRO6_034-1,CARNEIRO6_034,present,present,1
CARNEIRO6_035-0,CARNEIRO6_035,absent,absent,0
CARNEIRO6_035-1,CARNEIRO6_035,present,present,1
CARNEIRO6_036-0,CARNEIRO6_036,absent,absent,0
CARNEIRO6_036-1,CARNEIRO6_036,present,present,1
CARNEIRO6_037-0,CARNEIRO6_037,absent,absent,0
CARNEIRO6_037-1,CARNEIRO6_037,present,present,1
CARNEIRO6_038-0,CARNEIRO6_038,absent,absent,0
CARNEIRO6_038-1,CARNEIRO6_038,present,present,1
CARNEIRO6_039-0,CARNEIRO6_039,absent,absent,0
CARNEIRO6_039-1,CARNEIRO6_039,present,present,1
CARNEIRO6_040-0,CARNEIRO6_040,absent,absent,0
CARNEIRO6_040-1,CARNEIRO6_040,present,present,1
CARNEIRO6_041-0,CARNEIRO6_041,absent,absent,0
CARNEIRO6_041-1,CARNEIRO6_041,present,present,1
CARNEIRO6_042-0,CARNEIRO6_042,absent,absent,0
CARNEIRO6_042-1,CARNEIRO6_042,present,present,1
CARNEIRO6_043-0,CARNEIRO6_043,absent,absent,0
CARNEIRO6_043-1,CARNEIRO6_043,present,present,1
CARNEIRO6_044-0,CARNEIRO6_044,absent,absent,0
CARNEIRO6_044-1,CARNEIRO6_044,present,present,1
CARNEIRO6_045-0,CARNEIRO6_045,absent,absent,0
CARNEIRO6_045-1,CARNEIRO6_045,present,present,1
CARNEIRO6_046-0,CARNEIRO6_046,absent,absent,0
CARNEIRO6_046-1,CARNEIRO6_046,present,present,1
CARNEIRO6_047-0,CARNEIRO6_047,absent,absent,0
CARNEIRO6_047-1,CARNEIRO6_047,present,present,1
CARNEIRO6_048-0,CARNEIRO6_048,absent,absent,0
CARNEIRO6_048-1,CARNEIRO6_048,present,present,1
CARNEIRO6_049-0,CARNEIRO6_049,absent,absent,0
CARNEIRO6_049-1,CARNEIRO6_049,present,present,1
CARNEIRO6_050-0,CARNEIRO6_050,absent,absent,0
CARNEIRO6_050-1,CARNEIRO6_050,present,present,1
CARNEIRO6_051-0,CARNEIRO6_051,absent,absent,0
CARNEIRO6_051-1,CARNEIRO6_051,present,present,1
CARNEIRO6_052-0,CARNEIRO6_052,absent,absent,0
CARNEIRO6_052-1,CARNEIRO6_052,present,present,1
CARNEIRO6_053-0,CARNEIRO6_053,absent,absent,0
CARNEIRO6_053-1,CARNEIRO6_053,present,present,1
CARNEIRO6_054-0,CARNEIRO6_054,absent,absent,0
CARNEIRO6_054-1,CARNEIRO6_054,present,present,1
CARNEIRO6_055-0,CARNEIRO6_055,absent,absent,0
CARNEIRO6_055-1,CARNEIRO6_055,present,present,1
CARNEIRO6_056-0,CARNEIRO6_056,absent,absent,0
CARNEIRO6_056-1,CARNEIRO6_056,present,present,1
CARNEIRO6_057-0,CARNEIRO6_057,absent,absent,0
CARNEIRO6_057-1,CARNEIRO6_057,present,present,1
CARNEIRO6_058-0,CARNEIRO6_058,absent,absent,0
CARNEIRO6_058-1,CARNEIRO6_058,present,present,1
CARNEIRO6_059-0,CARNEIRO6_059,absent,absent,0
CARNEIRO6_059-1,CARNEIRO6_059,present,present,1
CARNEIRO6_060-0,CARNEIRO6_060,absent,absent,0
CARNEIRO6_060-1,CARNEIRO6_060,present,present,1
CARNEIRO6_061-0,CARNEIRO6_061,absent,absent,0
CARNEIRO6_061-1,CARNEIRO6_061,present,present,1
CARNEIRO6_062-0,CARNEIRO6_062,absent,absent,0
CARNEIRO6_062-1,CARNEIRO6_062,present,present,1
CARNEIRO6_063-0,CARNEIRO6_063,absent,absent,0
CARNEIRO6_063-1,CARNEIRO6_063,present,present,1
CARNEIRO6_064-0,CARNEIRO6_064,absent,absent,0
CARNEIRO6_064-1,CARNEIRO6_064,present,present,1
CARNEIRO6_065-0,CARNEIRO6_065,absent,absent,0
CARNEIRO6_065-1,CARNEIRO6_065,present,present,1
CARNEIRO6_066-0,CARNEIRO6_066,absent,absent,0
CARNEIRO6_066-1,CARNEIRO6_066,present,present,1
CARNEIRO6_067-0,CARNEIRO6_067,absent,absent,0
CARNEIRO6_067-1,CARNEIRO6_067,present,present,1
CARNEIRO6_068-0,CARNEIRO6_068,absent,absent,0
CARNEIRO6_068-1,CARNEIRO6_068,present,present,1
CARNEIRO6_069-0,CARNEIRO6_069,absent,absent,0
CARNEIRO6_069-1,CARNEIRO6_069,present,present,1
CARNEIRO6_070-0,CARNEIRO6_070,absent,absent,0
CARNEIRO6_070-1,CARNEIRO6_070,present,present,1
CARNEIRO6_071-0,CARNEIRO6_071,absent,absent,0
CARNEIRO6_071-1,CARNEIRO6_071,present,present,1
CARNEIRO6_072-0,CARNEIRO6_072,absent,absent,0
CARNEIRO6_072-1,CARNEIRO6_072,present,present,1
CARNEIRO6_073-0,CARNEIRO6_073,absent,absent,0
CARNEIRO6_073-1,CARNEIRO6_073,present,present,1
CARNEIRO6_074-0,CARNEIRO6_074,absent,absent,0
CARNEIRO6_074-1,CARNEIRO6_074,present,present,1
CARNEIRO6_075-0,CARNEIRO6_075,absent,absent,0
CARNEIRO6_075-1,CARNEIRO6_075,present,present,1
CARNEIRO6_076-0,CARNEIRO6_076,absent,absent,0
CARNEIRO6_076-1,CARNEIRO6_076,present,present,1
CARNEIRO6_077-0,CARNEIRO6_077,absent,absent,0
CARNEIRO6_077-1,CARNEIRO6_077,present,present,1
CARNEIRO6_078-0,CARNEIRO6_078,absent,absent,0
CARNEIRO6_078-1,CARNEIRO6_078,present,present,1
CARNEIRO6_079-0,CARNEIRO6_079,absent,absent,0
CARNEIRO6_079-1,CARNEIRO6_079,present,present,1
CARNEIRO6_080-0,CARNEIRO6_080,absent,absent,0
CARNEIRO6_080-1,CARNEIRO6_080,present,present,1
CARNEIRO6_081-0,CARNEIRO6_081,absent,absent,0
CARNEIRO6_081-1,CARNEIRO6_081,present,present,1
CARNEIRO6_082-0,CARNEIRO6_082,absent,absent,0
CARNEIRO6_082-1,CARNEIRO6_082,present,present,1
CARNEIRO6_083-0,CARNEIRO6_083,absent,absent,0
CARNEIRO6_083-1,CARNEIRO6_083,present,present,1
CARNEIRO6_084-0,CARNEIRO6_084,absent,absent,0
CARNEIRO6_084-1,CARNEIRO6_084,present,present,1
CARNEIRO6_085-0,CARNEIRO6_085,absent,absent,0
CARNEIRO6_085-1,CARNEIRO6_085,present,present,1
CARNEIRO6_086-0,CARNEIRO6_086,absent,absent,0
CARNEIRO6_086-1,CARNEIRO6_086,present,present,1
CARNEIRO6_087-0,CARNEIRO6_087,absent,absent,0
CARNEIRO6_087-1,CARNEIRO6_087,present,present,1
CARNEIRO6_088-0,CARNEIRO6_088,absent,absent,0
CARNEIRO6_088-1,CARNEIRO6_088,present,present,1
CARNEIRO6_089-0,CARNEIRO6_089,absent,absent,0
CARNEIRO6_089-1,CARNEIRO6_089,present,present,1
CARNEIRO6_090-0,CARNEIRO6_090,absent,absent,0
CARNEIRO6_090-1,CARNEIRO6_090,present,present,1
CARNEIRO6_091-0,CARNEIRO6_091,absent,absent,0
CARNEIRO6_091-1,CARNEIRO6_091,present,present,1
CARNEIRO6_092-0,CARNEIRO6_092,absent,absent,0
CARNEIRO6_092-1,CARNEIRO6_092,present,present,1
CARNEIRO6_093-0,CARNEIRO6_093,absent,absent,0
CARNEIRO6_093-1,CARNEIRO6_093,present,present,1
CARNEIRO6_094-0,CARNEIRO6_094,absent,absent,0
CARNEIRO6_094-1,CARNEIRO6_094,present,present,1
CARNEIRO6_095-0,CARNEIRO6_095,absent,absent,0
CARNEIRO6_095-1,CARNEIRO6_095,present,present,1
CARNEIRO6_096-0,CARNEIRO6_096,absent,absent,0
CARNEIRO6_096-1,CARNEIRO6_096,present,present,1
CARNEIRO6_097-0,CARNEIRO6_097,absent,absent,0
CARNEIRO6_097-1,CARNEIRO6_097,present,present,1
CARNEIRO6_098-0,CARNEIRO6_098,absent,absent,0
CARNEIRO6_098-1,CARNEIRO6_098,present,present,1
CARNEIRO6_099-0,CARNEIRO6_099,absent,absent,0
CARNEIRO6_099-1,CARNEIRO6_099,present,present,1
CARNEIRO6_100-0,CARNEIRO6_100,absent,absent,0
CARNEIRO6_100-1,CARNEIRO6_100,present,present,1
CARNEIRO6_101-0,CARNEIRO6_101,absent,absent,0
CARNEIRO6_101-1,CARNEIRO6_101,present,present,1
CARNEIRO6_102-0,CARNEIRO6_102,absent,absent,0
CARNEIRO6_102-1,CARNEIRO6_102,present,present,1
CARNEIRO6_103-0,CARNEIRO6_103,absent,absent,0
CARNEIRO6_103-1,CARNEIRO6_103,present,present,1
CARNEIRO6_104-0,CARNEIRO6_104,absent,absent,0
CARNEIRO6_104-1,CARNEIRO6_104,present,present,1
CARNEIRO6_105-0,CARNEIRO6_105,absent,absent,0
CARNEIRO6_105-1,CARNEIRO6_105,present,present,1
CARNEIRO6_106-0,CARNEIRO6_106,absent,absent,0
CARNEIRO6_106-1,CARNEIRO6_106,present,present,1
CARNEIRO6_107-0,CARNEIRO6_107,absent,absent,0
CARNEIRO6_107-1,CARNEIRO6_107,present,present,1
CARNEIRO6_108-0,CARNEIRO6_108,absent,absent,0
CARNEIRO6_108-1,CARNEIRO6_108,present,present,1
CARNEIRO6_109-0,CARNEIRO6_109,absent,absent,0
CARNEIRO6_109-1,CARNEIRO6_109,present,present,1
CARNEIRO6_110-0,CARNEIRO6_110,absent,absent,0
CARNEIRO6_110-1,CARNEIRO6_110,present,present,1
CARNEIRO6_111-0,CARNEIRO6_111,absent,absent,0
CARNEIRO6_111-1,CARNEIRO6_111,present,present,1
CARNEIRO6_112-0,CARNEIRO6_112,absent,absent,0
CARNEIRO6_112-1,CARNEIRO6_112,present,present,1
CARNEIRO6_113-0,CARNEIRO6_113,absent,absent,0
CARNEIRO6_113-1,CARNEIRO6_113,present,present,1
CARNEIRO6_114-0,CARNEIRO6_114,absent,absent,0
CARNEIRO6_114-1,CARNEIRO6_114,present,present,1
CARNEIRO6_115-0,CARNEIRO6_115,absent,absent,0
CARNEIRO6_115-1,CARNEIRO6_115,present,present,1
CARNEIRO6_116-0,CARNEIRO6_116,absent,absent,0
CARNEIRO6_116-1,CARNEIRO6_116,present,present,1
CARNEIRO6_117-0,CARNEIRO6_117,absent,absent,0
CARNEIRO6_117-1,CARNEIRO6_117,present,present,1
CARNEIRO6_118-0,CARNEIRO6_118,absent,absent,0
CARNEIRO6_118-1,CARNEIRO6_118,present,present,1
CARNEIRO6_119-0,CARNEIRO6_119,absent,absent,0
CARNEIRO6_119-1,CARNEIRO6_119,present,present,1
CARNEIRO6_120-0,CARNEIRO6_120,absent,absent,0
CARNEIRO6_120-1,CARNEIRO6_120,present,present,1
CARNEIRO6_121-0,CARNEIRO6_121,absent,absent,0
CARNEIRO6_121-1,CARNEIRO6_121,present,present,1
CARNEIRO6_122-0,CARNEIRO6_122,absent,absent,0
CARNEIRO6_122-1,CARNEIRO6_122,present,present,1
CARNEIRO6_123-0,CARNEIRO6_123,absent,absent,0
CARNEIRO6_123-1,CARNEIRO6_123,present,present,1
CARNEIRO6_124-0,CARNEIRO6_124,absent,absent,0
CARNEIRO6_124-1,CARNEIRO6_124,present,present,1
CARNEIRO6_125-0,CARNEIRO6_125,absent,absent,0
CARNEIRO6_125-1,CARNEIRO6_125,present,present,1
CARNEIRO6_126-0,CARNEIRO6_126,absent,absent,0
CARNEIRO6_126-1,CARNEIRO6_126,present,present,1
CARNEIRO6_127-0,CARNEIRO6_127,absent,absent,0
CARNEIRO6_127-1,CARNEIRO6_127,present,present,1
CARNEIRO6_128-0,CARNEIRO6_128,absent,absent,0
CARNEIRO6_128-1,CARNEIRO6_128,present,present,1
CARNEIRO6_129-0,CARNEIRO6_129,absent,absent,0
CARNEIRO6_129-1,CARNEIRO6_129,present,present,1
CARNEIRO6_130-0,CARNEIRO6_130,absent,absent,0
CARNEIRO6_130-1,CARNEIRO6_130,present,present,1
CARNEIRO6_131-0,CARNEIRO6_131,absent,absent,0
CARNEIRO6_131-1,CARNEIRO6_131,present,present,1
CARNEIRO6_132-0,CARNEIRO6_132,absent,absent,0
CARNEIRO6_132-1,CARNEIRO6_132,present,present,1
CARNEIRO6_133-0,CARNEIRO6_133,absent,absent,0
CARNEIRO6_133-1,CARNEIRO6_133,present,present,1
CARNEIRO6_134-0,CARNEIRO6_134,absent,absent,0
CARNEIRO6_134-1,CARNEIRO6_134,present,present,1
CARNEIRO6_135-0,CARNEIRO6_135,absent,absent,0
CARNEIRO6_135-1,CARNEIRO6_135,present,present,1
CARNEIRO6_136-0,CARNEIRO6_136,absent,absent,0
CARNEIRO6_136-1,CARNEIRO6_136,present,present,1
CARNEIRO6_137-0,CARNEIRO6_137,absent,absent,0
CARNEIRO6_137-1,CARNEIRO6_137,present,present,1
CARNEIRO6_138-0,CARNEIRO6_138,absent,absent,0
CARNEIRO6_138-1,CARNEIRO6_138,present,present,1
CARNEIRO6_139-0,CARNEIRO6_139,absent,absent,0
CARNEIRO6_139-1,CARNEIRO6_139,present,present,1
CARNEIRO6_140-0,CARNEIRO6_140,absent,absent,0
CARNEIRO6_140-1,CARNEIRO6_140,present,present,1
CARNEIRO6_141-0,CARNEIRO6_141,absent,absent,0
CARNEIRO6_141-1,CARNEIRO6_141,present,present,1
CARNEIRO6_142-0,CARNEIRO6_142,absent,absent,0
CARNEIRO6_142-1,CARNEIRO6_142,present,present,1
CARNEIRO6_143-0,CARNEIRO6_143,absent,absent,0
CARNEIRO6_143-1,CARNEIRO6_143,present,present,1
CARNEIRO6_144-0,CARNEIRO6_144,absent,absent,0
CARNEIRO6_144-1,CARNEIRO6_144,present,present,1
CARNEIRO6_145-0,CARNEIRO6_145,absent,absent,0
CARNEIRO6_145-1,CARNEIRO6_145,present,present,1
CARNEIRO6_146-0,CARNEIRO6_146,absent,absent,0
CARNEIRO6_146-1,CARNEIRO6_146,present,present,1
CARNEIRO6_147-0,CARNEIRO6_147,absent,absent,0
CARNEIRO6_147-1,CARNEIRO6_147,present,present,1
CARNEIRO6_148-0,CARNEIRO6_148,absent,absent,0
CARNEIRO6_148-1,CARNEIRO6_148,present,present,1
CARNEIRO6_149-0,CARNEIRO6_149,absent,absent,0
CARNEIRO6_149-1,CARNEIRO6_149,present,present,1
CARNEIRO6_150-0,CARNEIRO6_150,absent,absent,0
CARNEIRO6_150-1,CARNEIRO6_150,present,present,1
CARNEIRO6_151-0,CARNEIRO6_151,absent,absent,0
CARNEIRO6_151-1,CARNEIRO6_151,present,present,1
CARNEIRO6_152-0,CARNEIRO6_152,absent,absent,0
CARNEIRO6_152-1,CARNEIRO6_152,present,present,1
CARNEIRO6_153-0,CARNEIRO6_153,absent,absent,0
CARNEIRO6_153-1,CARNEIRO6_153,present,present,1
CARNEIRO6_154-0,CARNEIRO6_154,absent,absent,0
CARNEIRO6_154-1,CARNEIRO6_154,present,present,1
CARNEIRO6_155-0,CARNEIRO6_155,absent,absent,0
CARNEIRO6_155-1,CARNEIRO6_155,present,present,1
CARNEIRO6_156-0,CARNEIRO6_156,absent,absent,0
CARNEIRO6_156-1,CARNEIRO6_156,present,present,1
CARNEIRO6_157-0,CARNEIRO6_157,absent,absent,0
CARNEIRO6_157-1,CARNEIRO6_157,present,present,1
CARNEIRO6_158-0,CARNEIRO6_158,absent,absent,0
CARNEIRO6_158-1,CARNEIRO6_158,present,present,1
CARNEIRO6_159-0,CARNEIRO6_159,absent,absent,0
CARNEIRO6_159-1,CARNEIRO6_159,present,present,1
CARNEIRO6_160-0,CARNEIRO6_160,absent,absent,0
CARNEIRO6_160-1,CARNEIRO6_160,present,present,1
CARNEIRO6_161-0,CARNEIRO6_161,absent,absent,0
CARNEIRO6_161-1,CARNEIRO6_161,present,present,1
CARNEIRO6_162-0,CARNEIRO6_162,absent,absent,0
CARNEIRO6_162-1,CARNEIRO6_162,present,present,1
CARNEIRO6_163-0,CARNEIRO6_163,absent,absent,0
CARNEIRO6_163-1,CARNEIRO6_163,present,present,1
CARNEIRO6_164-0,CARNEIRO6_164,absent,absent,0
CARNEIRO6_164-1,CARNEIRO6_164,present,present,1
CARNEIRO6_165-0,CARNEIRO6_165,absent,absent,0
CARNEIRO6_165-1,CARNEIRO6_165,present,present,1
CARNEIRO6_166-0,CARNEIRO6_166,absent,absent,0
CARNEIRO6_166-1,CARNEIRO6_166,present,present,1
CARNEIRO6_167-0,CARNEIRO6_167,absent,absent,0
CARNEIRO6_167-1,CARNEIRO6_167,present,present,1
CARNEIRO6_168-0,CARNEIRO6_168,absent,absent,0
CARNEIRO6_168-1,CARNEIRO6_168,present,present,1
CARNEIRO6_169-0,CARNEIRO6_169,absent,absent,0
CARNEIRO6_169-1,CARNEIRO6_169,present,present,1
CARNEIRO6_170-0,CARNEIRO6_170,absent,absent,0
CARNEIRO6_170-1,CARNEIRO6_170,present,present,1
CARNEIRO6_171-0,CARNEIRO6_171,absent,absent,0
CARNEIRO6_171-1,CARNEIRO6_171,present,present,1
CARNEIRO6_172-0,CARNEIRO6_172,absent,absent,0
CARNEIRO6_172-1,CARNEIRO6_172,present,present,1
CARNEIRO6_173-0,CARNEIRO6_173,absent,absent,0
CARNEIRO6_173-1,CARNEIRO6_173,present,present,1
CARNEIRO6_174-0,CARNEIRO6_174,absent,absent,0
CARNEIRO6_174-1,CARNEIRO6_174,present,present,1
CARNEIRO6_175-0,CARNEIRO6_175,absent,absent,0
CARNEIRO6_175-1,CARNEIRO6_175,present,present,1
CARNEIRO6_176-0,CARNEIRO6_176,absent,absent,0
CARNEIRO6_176-1,CARNEIRO6_176,present,present,1
CARNEIRO6_177-0,CARNEIRO6_177,absent,absent,0
CARNEIRO6_177-1,CARNEIRO6_177,present,present,1
CARNEIRO6_178-0,CARNEIRO6_178,absent,absent,0
CARNEIRO6_178-1,CARNEIRO6_178,present,present,1
CARNEIRO6_179-0,CARNEIRO6_179,absent,absent,0
CARNEIRO6_179-1,CARNEIRO6_179,present,present,1
CARNEIRO6_180-0,CARNEIRO6_180,absent,absent,0
CARNEIRO6_180-1,CARNEIRO6_180,present,present,1
CARNEIRO6_181-0,CARNEIRO6_181,absent,absent,0
CARNEIRO6_181-1,CARNEIRO6_181,present,present,1
CARNEIRO6_182-0,CARNEIRO6_182,absent,absent,0
CARNEIRO6_182-1,CARNEIRO6_182,present,present,1
CARNEIRO6_183-0,CARNEIRO6_183,absent,absent,0
CARNEIRO6_183-1,CARNEIRO6_183,present,present,1
CARNEIRO6_184-0,CARNEIRO6_184,absent,absent,0
CARNEIRO6_184-1,CARNEIRO6_184,present,present,1
CARNEIRO6_185-0,CARNEIRO6_185,absent,absent,0
CARNEIRO6_185-1,CARNEIRO6_185,present,present,1
CARNEIRO6_186-0,CARNEIRO6_186,absent,absent,0
CARNEIRO6_186-1,CARNEIRO6_186,present,present,1
CARNEIRO6_187-0,CARNEIRO6_187,absent,absent,0
CARNEIRO6_187-1,CARNEIRO6_187,present,present,1
CARNEIRO6_188-0,CARNEIRO6_188,absent,absent,0
CARNEIRO6_188-1,CARNEIRO6_188,present,present,1
CARNEIRO6_189-0,CARNEIRO6_189,absent,absent,0
CARNEIRO6_189-1,CARNEIRO6_189,present,present,1
CARNEIRO6_190-0,CARNEIRO6_190,absent,absent,0
CARNEIRO6_190-1,CARNEIRO6_190,present,present,1
CARNEIRO6_191-0,CARNEIRO6_191,absent,absent,0
CARNEIRO6_191-1,CARNEIRO6_191,present,present,1
CARNEIRO6_192-0,CARNEIRO6_192,absent,absent,0
CARNEIRO6_192-1,CARNEIRO6_192,present,present,1
CARNEIRO6_193-0,CARNEIRO6_193,absent,absent,0
CARNEIRO6_193-1,CARNEIRO6_193,present,present,1
CARNEIRO6_194-0,CARNEIRO6_194,absent,absent,0
CARNEIRO6_194-1,CARNEIRO6_194,present,present,1
CARNEIRO6_195-0,CARNEIRO6_195,absent,absent,0
CARNEIRO6_195-1,CARNEIRO6_195,present,present,1
CARNEIRO6_196-0,CARNEIRO6_196,absent,absent,0
CARNEIRO6_196-1,CARNEIRO6_196,present,present,1
CARNEIRO6_197-0,CARNEIRO6_197,absent,absent,0
CARNEIRO6_197-1,CARNEIRO6_197,present,present,1
CARNEIRO6_198-0,CARNEIRO6_198,absent,absent,0
CARNEIRO6_198-1,CARNEIRO6_198,present,present,1
CARNEIRO6_199-0,CARNEIRO6_199,absent,absent,0
CARNEIRO6_199-1,CARNEIRO6_199,present,present,1
CARNEIRO6_200-0,CARNEIRO6_200,absent,absent,0
CARNEIRO6_200-1,CARNEIRO6_200,present,present,1
CARNEIRO6_201-0,CARNEIRO6_201,absent,absent,0
CARNEIRO6_201-1,CARNEIRO6_201,present,present,1
CARNEIRO6_202-0,CARNEIRO6_202,absent,absent,0
CARNEIRO6_202-1,CARNEIRO6_202,present,present,1
CARNEIRO6_203-0,CARNEIRO6_203,absent,absent,0
CARNEIRO6_203-1,CARNEIRO6_203,present,present,1
CARNEIRO6_204-0,CARNEIRO6_204,absent,absent,0
CARNEIRO6_204-1,CARNEIRO6_204,present,present,1
CARNEIRO6_205-0,CARNEIRO6_205,absent,absent,0
CARNEIRO6_205-1,CARNEIRO6_205,present,present,1
CARNEIRO6_206-0,CARNEIRO6_206,absent,absent,0
CARNEIRO6_206-1,CARNEIRO6_206,present,present,1
CARNEIRO6_207-0,CARNEIRO6_207,absent,absent,0
CARNEIRO6_207-1,CARNEIRO6_207,present,present,1
CARNEIRO6_208-0,CARNEIRO6_208,absent,absent,0
CARNEIRO6_208-1,CARNEIRO6_208,present,present,1
CARNEIRO6_209-0,CARNEIRO6_209,absent,absent,0
CARNEIRO6_209-1,CARNEIRO6_209,present,present,1
CARNEIRO6_210-0,CARNEIRO6_210,absent,absent,0
CARNEIRO6_210-1,CARNEIRO6_210,present,present,1
CARNEIRO6_211-0,CARNEIRO6_211,absent,absent,0
CARNEIRO6_211-1,CARNEIRO6_211,present,present,1
CARNEIRO6_212-0,CARNEIRO6_212,absent,absent,0
CARNEIRO6_212-1,CARNEIRO6_212,present,present,1
CARNEIRO6_213-0,CARNEIRO6_213,absent,absent,0
CARNEIRO6_213-1,CARNEIRO6_213,present,present,1
CARNEIRO6_214-0,CARNEIRO6_214,absent,absent,0
CARNEIRO6_214-1,CARNEIRO6_214,present,present,1
CARNEIRO6_215-0,CARNEIRO6_215,absent,absent,0
CARNEIRO6_215-1,CARNEIRO6_215,present,present,1
CARNEIRO6_216-0,CARNEIRO6_216,absent,absent,0
CARNEIRO6_216-1,CARNEIRO6_216,present,present,1
CARNEIRO6_217-0,CARNEIRO6_217,absent,absent,0
CARNEIRO6_217-1,CARNEIRO6_217,present,present,1
CARNEIRO6_218-0,CARNEIRO6_218,absent,absent,0
CARNEIRO6_218-1,CARNEIRO6_218,present,present,1
CARNEIRO6_219-0,CARNEIRO6_219,absent,absent,0
CARNEIRO6_219-1,CARNEIRO6_219,present,present,1
CARNEIRO6_220-0,CARNEIRO6_220,absent,absent,0
CARNEIRO6_220-1,CARNEIRO6_220,present,present,1
CARNEIRO6_221-0,CARNEIRO6_221,absent,absent,0
CARNEIRO6_221-1,CARNEIRO6_221,present,present,1
CARNEIRO6_222-0,CARNEIRO6_222,absent,absent,0
CARNEIRO6_222-1,CARNEIRO6_222,present,present,1
CARNEIRO6_223-0,CARNEIRO6_223,absent,absent,0
CARNEIRO6_223-1,CARNEIRO6_223,present,present,1
CARNEIRO6_224-0,CARNEIRO6_224,absent,absent,0
CARNEIRO6_224-1,CARNEIRO6_224,present,present,1
CARNEIRO6_225-0,CARNEIRO6_225,absent,absent,0
CARNEIRO6_225-1,CARNEIRO6_225,present,present,1
CARNEIRO6_226-0,CARNEIRO6_226,absent,absent,0
CARNEIRO6_226-1,CARNEIRO6_226,present,present,1
CARNEIRO6_227-0,CARNEIRO6_227,absent,absent,0
CARNEIRO6_227-1,CARNEIRO6_227,present,present,1
CARNEIRO6_228-0,CARNEIRO6_228,absent,absent,0
CARNEIRO6_228-1,CARNEIRO6_228,present,present,1
CARNEIRO6_229-0,CARNEIRO6_229,absent,absent,0
CARNEIRO6_229-1,CARNEIRO6_229,present,present,1
CARNEIRO6_230-0,CARNEIRO6_230,absent,absent,0
CARNEIRO6_230-1,CARNEIRO6_230,present,present,1
CARNEIRO6_231-0,CARNEIRO6_231,absent,absent,0
CARNEIRO6_231-1,CARNEIRO6_231,present,present,1
CARNEIRO6_232-0,CARNEIRO6_232,absent,absent,0
CARNEIRO6_232-1,CARNEIRO6_232,present,present,1
CARNEIRO6_233-0,CARNEIRO6_233,absent,absent,0
CARNEIRO6_233-1,CARNEIRO6_233,present,present,1
CARNEIRO6_234-0,CARNEIRO6_234,absent,absent,0
CARNEIRO6_234-1,CARNEIRO6_234,present,present,1
CARNEIRO6_235-0,CARNEIRO6_235,absent,absent,0
CARNEIRO6_235-1,CARNEIRO6_235,present,present,1
CARNEIRO6_236-0,CARNEIRO6_236,absent,absent,0
CARNEIRO6_236-1,CARNEIRO6_236,present,present,1
CARNEIRO6_237-0,CARNEIRO6_237,absent,absent,0
CARNEIRO6_237-1,CARNEIRO6_237,present,present,1
CARNEIRO6_238-0,CARNEIRO6_238,absent,absent,0
CARNEIRO6_238-1,CARNEIRO6_238,present,present,1
CARNEIRO6_239-0,CARNEIRO6_239,absent,absent,0
CARNEIRO6_239-1,CARNEIRO6_239,present,present,1
CARNEIRO6_240-0,CARNEIRO6_240,absent,absent,0
CARNEIRO6_240-1,CARNEIRO6_240,present,present,1
CARNEIRO6_241-0,CARNEIRO6_241,absent,absent,0
CARNEIRO6_241-1,CARNEIRO6_241,present,present,1
CARNEIRO6_242-0,CARNEIRO6_242,absent,absent,0
CARNEIRO6_242-1,CARNEIRO6_242,present,present,1
CARNEIRO6_243-0,CARNEIRO6_243,absent,absent,0
CARNEIRO6_243-1,CARNEIRO6_243,present,present,1
CARNEIRO6_244-0,CARNEIRO6_244,absent,absent,0
CARNEIRO6_244-1,CARNEIRO6_244,present,present,1
CARNEIRO6_245-0,CARNEIRO6_245,absent,absent,0
CARNEIRO6_245-1,CARNEIRO6_245,present,present,1
CARNEIRO6_246-0,CARNEIRO6_246,absent,absent,0
CARNEIRO6_246-1,CARNEIRO6_246,present,present,1
CARNEIRO6_247-0,CARNEIRO6_247,absent,absent,0
CARNEIRO6_247-1,CARNEIRO6_247,present,present,1
CARNEIRO6_248-0,CARNEIRO6_248,absent,absent,0
CARNEIRO6_248-1,CARNEIRO6_248,present,present,1
CARNEIRO6_249-0,CARNEIRO6_249,absent,absent,0
CARNEIRO6_249-1,CARNEIRO6_249,present,present,1
CARNEIRO6_250-0,CARNEIRO6_250,absent,absent,0
CARNEIRO6_250-1,CARNEIRO6_250,present,present,1
CARNEIRO6_251-0,CARNEIRO6_251,absent,absent,0
CARNEIRO6_251-1,CARNEIRO6_251,present,present,1
CARNEIRO6_252-0,CARNEIRO6_252,absent,absent,0
CARNEIRO6_252-1,CARNEIRO6_252,present,present,1
CARNEIRO6_253-0,CARNEIRO6_253,absent,absent,0
CARNEIRO6_253-1,CARNEIRO6_253,present,present,1
CARNEIRO6_254-0,CARNEIRO6_254,absent,absent,0
CARNEIRO6_254-1,CARNEIRO6_254,present,present,1
CARNEIRO6_255-0,CARNEIRO6_255,absent,absent,0
CARNEIRO6_255-1,CARNEIRO6_255,present,present,1
CARNEIRO6_256-0,CARNEIRO6_256,absent,absent,0
CARNEIRO6_256-1,CARNEIRO6_256,present,present,1
CARNEIRO6_257-0,CARNEIRO6_257,absent,absent,0
CARNEIRO6_257-1,CARNEIRO6_257,present,present,1
CARNEIRO6_258-0,CARNEIRO6_258,absent,absent,0
CARNEIRO6_258-1,CARNEIRO6_258,present,present,1
CARNEIRO6_259-0,CARNEIRO6_259,absent,absent,0
CARNEIRO6_259-1,CARNEIRO6_259,present,present,1
CARNEIRO6_260-0,CARNEIRO6_260,absent,absent,0
CARNEIRO6_260-1,CARNEIRO6_260,present,present,1
CARNEIRO6_261-0,CARNEIRO6_261,absent,absent,0
CARNEIRO6_261-1,CARNEIRO6_261,present,present,1
CARNEIRO6_262-0,CARNEIRO6_262,absent,absent,0
CARNEIRO6_262-1,CARNEIRO6_262,present,present,1
CARNEIRO6_263-0,CARNEIRO6_263,absent,absent,0
CARNEIRO6_263-1,CARNEIRO6_263,present,present,1
CARNEIRO6_264-0,CARNEIRO6_264,absent,absent,0
CARNEIRO6_264-1,CARNEIRO6_264,present,present,1
CARNEIRO6_265-0,CARNEIRO6_265,absent,absent,0
CARNEIRO6_265-1,CARNEIRO6_265,present,present,1
CARNEIRO6_266-0,CARNEIRO6_266,absent,absent,0
CARNEIRO6_266-1,CARNEIRO6_266,present,present,1
CARNEIRO6_267-0,CARNEIRO6_267,absent,absent,0
CARNEIRO6_267-1,CARNEIRO6_267,present,present,1
CARNEIRO6_268-0,CARNEIRO6_268,absent,absent,0
CARNEIRO6_268-1,CARNEIRO6_268,present,present,1
CARNEIRO6_269-0,CARNEIRO6_269,absent,absent,0
CARNEIRO6_269-1,CARNEIRO6_269,present,present,1
CARNEIRO6_270-0,CARNEIRO6_270,absent,absent,0
CARNEIRO6_270-1,CARNEIRO6_270,present,present,1
CARNEIRO6_271-0,CARNEIRO6_271,absent,absent,0
CARNEIRO6_271-1,CARNEIRO6_271,present,present,1
CARNEIRO6_272-0,CARNEIRO6_272,absent,absent,0
CARNEIRO6_272-1,CARNEIRO6_272,present,present,1
CARNEIRO6_273-0,CARNEIRO6_273,absent,absent,0
CARNEIRO6_273-1,CARNEIRO6_273,present,present,1
CARNEIRO6_274-0,CARNEIRO6_274,absent,absent,0
CARNEIRO6_274-1,CARNEIRO6_274,present,present,1
CARNEIRO6_275-0,CARNEIRO6_275,absent,absent,0
CARNEIRO6_275-1,CARNEIRO6_275,present,present,1
CARNEIRO6_276-0,CARNEIRO6_276,absent,absent,0
CARNEIRO6_276-1,CARNEIRO6_276,present,present,1
CARNEIRO6_277-0,CARNEIRO6_277,absent,absent,0
CARNEIRO6_277-1,CARNEIRO6_277,present,present,1
CARNEIRO6_278-0,CARNEIRO6_278,absent,absent,0
CARNEIRO6_278-1,CARNEIRO6_278,present,present,1
CARNEIRO6_279-0,CARNEIRO6_279,absent,absent,0
CARNEIRO6_279-1,CARNEIRO6_279,present,present,1
CARNEIRO6_280-0,CARNEIRO6_280,absent,absent,0
CARNEIRO6_280-1,CARNEIRO6_280,present,present,1
CARNEIRO6_281-0,CARNEIRO6_281,absent,absent,0
CARNEIRO6_281-1,CARNEIRO6_281,present,present,1
CARNEIRO6_282-0,CARNEIRO6_282,absent,absent,0
CARNEIRO6_282-1,CARNEIRO6_282,present,present,1
CARNEIRO6_283-0,CARNEIRO6_283,absent,absent,0
CARNEIRO6_283-1,CARNEIRO6_283,present,present,1
CARNEIRO6_284-0,CARNEIRO6_284,absent,absent,0
CARNEIRO6_284-1,CARNEIRO6_284,present,present,1
CARNEIRO6_285-0,CARNEIRO6_285,absent,absent,0
CARNEIRO6_285-1,CARNEIRO6_285,present,present,1
CARNEIRO6_286-0,CARNEIRO6_286,absent,absent,0
CARNEIRO6_286-1,CARNEIRO6_286,present,present,1
CARNEIRO6_287-0,CARNEIRO6_287,absent,absent,0
CARNEIRO6_287-1,CARNEIRO6_287,present,present,1
CARNEIRO6_288-0,CARNEIRO6_288,absent,absent,0
CARNEIRO6_288-1,CARNEIRO6_288,present,present,1
CARNEIRO6_289-0,CARNEIRO6_289,absent,absent,0
CARNEIRO6_289-1,CARNEIRO6_289,present,present,1
CARNEIRO6_290-0,CARNEIRO6_290,absent,absent,0
CARNEIRO6_290-1,CARNEIRO6_290,present,present,1
CARNEIRO6_291-0,CARNEIRO6_291,absent,absent,0
CARNEIRO6_291-1,CARNEIRO6_291,present,present,1
CARNEIRO6_292-0,CARNEIRO6_292,absent,absent,0
CARNEIRO6_292-1,CARNEIRO6_292,present,present,1
CARNEIRO6_293-0,CARNEIRO6_293,absent,absent,0
CARNEIRO6_293-1,CARNEIRO6_293,present,present,1
CARNEIRO6_294-0,CARNEIRO6_294,absent,absent,0
CARNEIRO6_294-1,CARNEIRO6_294,present,present,1
CARNEIRO6_295-0,CARNEIRO6_295,absent,absent,0
CARNEIRO6_295-1,CARNEIRO6_295,present,present,1
CARNEIRO6_296-0,CARNEIRO6_296,absent,absent,0
CARNEIRO6_296-1,CARNEIRO6_296,present,present,1
CARNEIRO6_297-0,CARNEIRO6_297,absent,absent,0
CARNEIRO6_297-1,CARNEIRO6_297,present,present,1
CARNEIRO6_298-0,CARNEIRO6_298,absent,absent,0
CARNEIRO6_298-1,CARNEIRO6_298,present,present,1
CARNEIRO6_299-0,CARNEIRO6_299,absent,absent,0
CARNEIRO6_299-1,CARNEIRO6_299,present,present,1
CARNEIRO6_300-0,CARNEIRO6_300,absent,absent,0
CARNEIRO6_300-1,CARNEIRO6_300,present,present,1
CARNEIRO6_301-0,CARNEIRO6_301,absent,absent,0
CARNEIRO6_301-1,CARNEIRO6_301,present,present,1
CARNEIRO6_302-0,CARNEIRO6_302,absent,absent,0
CARNEIRO6_302-1,CARNEIRO6_302,present,present,1
CARNEIRO6_303-0,CARNEIRO6_303,absent,absent,0
CARNEIRO6_303-1,CARNEIRO6_303,present,present,1
CARNEIRO6_304-0,CARNEIRO6_304,absent,absent,0
CARNEIRO6_304-1,CARNEIRO6_304,present,present,1
CARNEIRO6_305-0,CARNEIRO6_305,absent,absent,0
CARNEIRO6_305-1,CARNEIRO6_305,present,present,1
CARNEIRO6_306-0,CARNEIRO6_306,absent,absent,0
CARNEIRO6_306-1,CARNEIRO6_306,present,present,1
CARNEIRO6_307-0,CARNEIRO6_307,absent,absent,0
CARNEIRO6_307-1,CARNEIRO6_307,present,present,1
CARNEIRO6_308-0,CARNEIRO6_308,absent,absent,0
CARNEIRO6_308-1,CARNEIRO6_308,present,present,1
CARNEIRO6_309-0,CARNEIRO6_309,absent,absent,0
CARNEIRO6_309-1,CARNEIRO6_309,present,present,1
CARNEIRO6_310-0,CARNEIRO6_310,absent,absent,0
CARNEIRO6_310-1,CARNEIRO6_310,present,present,1
CARNEIRO6_311-0,CARNEIRO6_311,absent,absent,0
CARNEIRO6_311-1,CARNEIRO6_311,present,present,1
CARNEIRO6_312-0,CARNEIRO6_312,absent,absent,0
CARNEIRO6_312-1,CARNEIRO6_312,present,present,1
CARNEIRO6_313-0,CARNEIRO6_313,absent,absent,0
CARNEIRO6_313-1,CARNEIRO6_313,present,present,1
CARNEIRO6_314-0,CARNEIRO6_314,absent,absent,0
CARNEIRO6_314-1,CARNEIRO6_314,present,present,1
CARNEIRO6_315-0,CARNEIRO6_315,absent,absent,0
CARNEIRO6_315-1,CARNEIRO6_315,present,present,1
CARNEIRO6_316-0,CARNEIRO6_316,absent,absent,0
CARNEIRO6_316-1,CARNEIRO6_316,present,present,1
CARNEIRO6_317-0,CARNEIRO6_317,absent,absent,0
CARNEIRO6_317-1,CARNEIRO6_317,present,present,1
CARNEIRO6_318-0,CARNEIRO6_318,absent,absent,0
CARNEIRO6_318-1,CARNEIRO6_318,present,present,1
CARNEIRO6_319-0,CARNEIRO6_319,absent,absent,0
CARNEIRO6_319-1,CARNEIRO6_319,present,present,1
CARNEIRO6_320-0,CARNEIRO6_320,absent,absent,0
CARNEIRO6_320-1,CARNEIRO6_320,present,present,1
CARNEIRO6_321-0,CARNEIRO6_321,absent,absent,0
CARNEIRO6_321-1,CARNEIRO6_321,present,present,1
CARNEIRO6_322-0,CARNEIRO6_322,absent,absent,0
CARNEIRO6_322-1,CARNEIRO6_322,present,present,1
CARNEIRO6_323-0,CARNEIRO6_323,absent,absent,0
CARNEIRO6_323-1,CARNEIRO6_323,present,present,1
CARNEIRO6_324-0,CARNEIRO6_324,absent,absent,0
CARNEIRO6_324-1,CARNEIRO6_324,present,present,1
CARNEIRO6_325-0,CARNEIRO6_325,absent,absent,0
CARNEIRO6_325-1,CARNEIRO6_325,present,present,1
CARNEIRO6_326-0,CARNEIRO6_326,absent,absent,0
CARNEIRO6_326-1,CARNEIRO6_326,present,present,1
CARNEIRO6_327-0,CARNEIRO6_327,absent,absent,0
CARNEIRO6_327-1,CARNEIRO6_327,present,present,1
CARNEIRO6_328-0,CARNEIRO6_328,absent,absent,0
CARNEIRO6_328-1,CARNEIRO6_328,present,present,1
CARNEIRO6_329-0,CARNEIRO6_329,absent,absent,0
CARNEIRO6_329-1,CARNEIRO6_329,present,present,1
CARNEIRO6_330-0,CARNEIRO6_330,absent,absent,0
CARNEIRO6_330-1,CARNEIRO6_330,present,present,1
CARNEIRO6_331-0,CARNEIRO6_331,absent,absent,0
CARNEIRO6_331-1,CARNEIRO6_331,present,present,1
CARNEIRO6_332-0,CARNEIRO6_332,absent,absent,0
CARNEIRO6_332-1,CARNEIRO6_332,present,present,1
CARNEIRO6_333-0,CARNEIRO6_333,absent,absent,0
CARNEIRO6_333-1,CARNEIRO6_333,present,present,1
CARNEIRO6_334-0,CARNEIRO6_334,absent,absent,0
CARNEIRO6_334-1,CARNEIRO6_334,present,present,1
CARNEIRO6_335-0,CARNEIRO6_335,absent,absent,0
CARNEIRO6_335-1,CARNEIRO6_335,present,present,1
CARNEIRO6_336-0,CARNEIRO6_336,absent,absent,0
CARNEIRO6_336-1,CARNEIRO6_336,present,present,1
CARNEIRO6_337-0,CARNEIRO6_337,absent,absent,0
CARNEIRO6_337-1,CARNEIRO6_337,present,present,1
CARNEIRO6_338-0,CARNEIRO6_338,absent,absent,0
CARNEIRO6_338-1,CARNEIRO6_338,present,present,1
CARNEIRO6_339-0,CARNEIRO6_339,absent,absent,0
CARNEIRO6_339-1,CARNEIRO6_339,present,present,1
CARNEIRO6_340-0,CARNEIRO6_340,absent,absent,0
CARNEIRO6_340-1,CARNEIRO6_340,present,present,1
CARNEIRO6_341-0,CARNEIRO6_341,absent,absent,0
CARNEIRO6_341-1,CARNEIRO6_341,present,present,1
CARNEIRO6_342-0,CARNEIRO6_342,absent,absent,0
CARNEIRO6_342-1,CARNEIRO6_342,present,present,1
CARNEIRO6_343-0,CARNEIRO6_343,absent,absent,0
CARNEIRO6_343-1,CARNEIRO6_343,present,present,1
CARNEIRO6_344-0,CARNEIRO6_344,absent,absent,0
CARNEIRO6_344-1,CARNEIRO6_344,present,present,1
CARNEIRO6_345-0,CARNEIRO6_345,absent,absent,0
CARNEIRO6_345-1,CARNEIRO6_345,present,present,1
CARNEIRO6_346-0,CARNEIRO6_346,absent,absent,0
CARNEIRO6_346-1,CARNEIRO6_346,present,present,1
CARNEIRO6_347-0,CARNEIRO6_347,absent,absent,0
CARNEIRO6_347-1,CARNEIRO6_347,present,present,1
CARNEIRO6_348-0,CARNEIRO6_348,absent,absent,0
CARNEIRO6_348-1,CARNEIRO6_348,present,present,1
CARNEIRO6_349-0,CARNEIRO6_349,absent,absent,0
CARNEIRO6_349-1,CARNEIRO6_349,present,present,1
CARNEIRO6_350-0,CARNEIRO6_350,absent,absent,0
CARNEIRO6_350-1,CARNEIRO6_350,present,present,1
CARNEIRO6_351-0,CARNEIRO6_351,absent,absent,0
CARNEIRO6_351-1,CARNEIRO6_351,present,present,1
CARNEIRO6_352-0,CARNEIRO6_352,absent,absent,0
CARNEIRO6_352-1,CARNEIRO6_352,present,present,1
CARNEIRO6_353-0,CARNEIRO6_353,absent,absent,0
CARNEIRO6_353-1,CARNEIRO6_353,present,present,1
CARNEIRO6_354-0,CARNEIRO6_354,absent,absent,0
CARNEIRO6_354-1,CARNEIRO6_354,present,present,1
CARNEIRO6_355-0,CARNEIRO6_355,absent,absent,0
CARNEIRO6_355-1,CARNEIRO6_355,present,present,1
CARNEIRO6_356-0,CARNEIRO6_356,absent,absent,0
CARNEIRO6_356-1,CARNEIRO6_356,present,present,1
CARNEIRO6_357-0,CARNEIRO6_357,absent,absent,0
CARNEIRO6_357-1,CARNEIRO6_357,present,present,1
CARNEIRO6_358-0,CARNEIRO6_358,absent,absent,0
CARNEIRO6_358-1,CARNEIRO6_358,present,present,1
CARNEIRO6_359-0,CARNEIRO6_359,absent,absent,0
CARNEIRO6_359-1,CARNEIRO6_359,present,present,1
CARNEIRO6_360-0,CARNEIRO6_360,absent,absent,0
CARNEIRO6_360-1,CARNEIRO6_360,present,present,1
CARNEIRO6_361-0,CARNEIRO6_361,absent,absent,0
CARNEIRO6_361-1,CARNEIRO6_361,present,present,1
CARNEIRO6_362-0,CARNEIRO6_362,absent,absent,0
CARNEIRO6_362-1,CARNEIRO6_362,present,present,1
CARNEIRO6_363-0,CARNEIRO6_363,absent,absent,0
CARNEIRO6_363-1,CARNEIRO6_363,present,present,1
CARNEIRO6_364-0,CARNEIRO6_364,absent,absent,0
CARNEIRO6_364-1,CARNEIRO6_364,present,present,1
CARNEIRO6_365-0,CARNEIRO6_365,absent,absent,0
CARNEIRO6_365-1,CARNEIRO6_365,present,present,1
CARNEIRO6_366-0,CARNEIRO6_366,absent,absent,0
CARNEIRO6_366-1,CARNEIRO6_366,present,present,1
CARNEIRO6_367-0,CARNEIRO6_367,absent,absent,0
CARNEIRO6_367-1,CARNEIRO6_367,present,present,1
CARNEIRO6_368-0,CARNEIRO6_368,absent,absent,0
CARNEIRO6_368-1,CARNEIRO6_368,present,present,1
CARNEIRO6_369-0,CARNEIRO6_369,absent,absent,0
CARNEIRO6_369-1,CARNEIRO6_369,present,present,1
CARNEIRO6_370-0,CARNEIRO6_370,absent,absent,0
CARNEIRO6_370-1,CARNEIRO6_370,present,present,1
CARNEIRO6_371-0,CARNEIRO6_371,absent,absent,0
CARNEIRO6_371-1,CARNEIRO6_371,present,present,1
CARNEIRO6_372-0,CARNEIRO6_372,absent,absent,0
CARNEIRO6_372-1,CARNEIRO6_372,present,present,1
CARNEIRO6_373-0,CARNEIRO6_373,absent,absent,0
CARNEIRO6_373-1,CARNEIRO6_373,present,present,1
CARNEIRO6_374-0,CARNEIRO6_374,absent,absent,0
CARNEIRO6_374-1,CARNEIRO6_374,present,present,1
CARNEIRO6_375-0,CARNEIRO6_375,absent,absent,0
CARNEIRO6_375-1,CARNEIRO6_375,present,present,1
CARNEIRO6_376-0,CARNEIRO6_376,absent,absent,0
CARNEIRO6_376-1,CARNEIRO6_376,present,present,1
CARNEIRO6_377-0,CARNEIRO6_377,absent,absent,0
CARNEIRO6_377-1,CARNEIRO6_377,present,present,1
CARNEIRO6_378-0,CARNEIRO6_378,absent,absent,0
CARNEIRO6_378-1,CARNEIRO6_378,present,present,1
CARNEIRO6_379-0,CARNEIRO6_379,absent,absent,0
CARNEIRO6_379-1,CARNEIRO6_379,present,present,1
CARNEIRO6_380-0,CARNEIRO6_380,absent,absent,0
CARNEIRO6_380-1,CARNEIRO6_380,present,present,1
CARNEIRO6_381-0,CARNEIRO6_381,absent,absent,0
CARNEIRO6_381-1,CARNEIRO6_381,present,present,1
CARNEIRO6_382-0,CARNEIRO6_382,absent,absent,0
CARNEIRO6_382-1,CARNEIRO6_382,present,present,1
CARNEIRO6_383-0,CARNEIRO6_383,absent,absent,0
CARNEIRO6_383-1,CARNEIRO6_383,present,present,1
CARNEIRO6_384-0,CARNEIRO6_384,absent,absent,0
CARNEIRO6_384-1,CARNEIRO6_384,present,present,1
CARNEIRO6_385-0,CARNEIRO6_385,absent,absent,0
CARNEIRO6_385-1,CARNEIRO6_385,present,present,1
CARNEIRO6_386-0,CARNEIRO6_386,absent,absent,0
CARNEIRO6_386-1,CARNEIRO6_386,present,present,1
CARNEIRO6_387-0,CARNEIRO6_387,absent,absent,0
CARNEIRO6_387-1,CARNEIRO6_387,present,present,1
CARNEIRO6_388-0,CARNEIRO6_388,absent,absent,0
CARNEIRO6_388-1,CARNEIRO6_388,present,present,1
CARNEIRO6_389-0,CARNEIRO6_389,absent,absent,0
CARNEIRO6_389-1,CARNEIRO6_389,present,present,1
CARNEIRO6_390-0,CARNEIRO6_390,absent,absent,0
CARNEIRO6_390-1,CARNEIRO6_390,present,present,1
CARNEIRO6_391-0,CARNEIRO6_391,absent,absent,0
CARNEIRO6_391-1,CARNEIRO6_391,present,present,1
CARNEIRO6_392-0,CARNEIRO6_392,absent,absent,0
CARNEIRO6_392-1,CARNEIRO6_392,present,present,1
CARNEIRO6_393-0,CARNEIRO6_393,absent,absent,0
CARNEIRO6_393-1,CARNEIRO6_393,present,present,1
CARNEIRO6_394-0,CARNEIRO6_394,absent,absent,0
CARNEIRO6_394-1,CARNEIRO6_394,present,present,1
CARNEIRO6_395-0,CARNEIRO6_395,absent,absent,0
CARNEIRO6_395-1,CARNEIRO6_395,present,present,1
CARNEIRO6_396-0,CARNEIRO6_396,absent,absent,0
CARNEIRO6_396-1,CARNEIRO6_396,present,present,1
CARNEIRO6_397-0,CARNEIRO6_397,absent,absent,0
CARNEIRO6_397-1,CARNEIRO6_397,present,present,1
CARNEIRO6_398-0,CARNEIRO6_398,absent,absent,0
CARNEIRO6_398-1,CARNEIRO6_398,present,present,1
CARNEIRO6_399-0,CARNEIRO6_399,absent,absent,0
CARNEIRO6_399-1,CARNEIRO6_399,present,present,1
CARNEIRO6_400-0,CARNEIRO6_400,absent,absent,0
CARNEIRO6_400-1,CARNEIRO6_400,present,present,1
CARNEIRO6_401-0,CARNEIRO6_401,absent,absent,0
CARNEIRO6_401-1,CARNEIRO6_401,present,present,1
CARNEIRO6_402-0,CARNEIRO6_402,absent,absent,0
CARNEIRO6_402-1,CARNEIRO6_402,present,present,1
CARNEIRO6_403-0,CARNEIRO6_403,absent,absent,0
CARNEIRO6_403-1,CARNEIRO6_403,present,present,1
CARNEIRO6_404-0,CARNEIRO6_404,absent,absent,0
CARNEIRO6_404-1,CARNEIRO6_404,present,present,1
CARNEIRO6_405-0,CARNEIRO6_405,absent,absent,0
CARNEIRO6_405-1,CARNEIRO6_405,present,present,1
CARNEIRO6_406-0,CARNEIRO6_406,absent,absent,0
CARNEIRO6_406-1,CARNEIRO6_406,present,present,1
CARNEIRO6_407-0,CARNEIRO6_407,absent,absent,0
CARNEIRO6_407-1,CARNEIRO6_407,present,present,1
CARNEIRO6_408-0,CARNEIRO6_408,absent,absent,0
CARNEIRO6_408-1,CARNEIRO6_408,present,present,1
CARNEIRO6_409-0,CARNEIRO6_409,absent,absent,0
CARNEIRO6_409-1,CARNEIRO6_409,present,present,1
CARNEIRO6_410-0,CARNEIRO6_410,absent,absent,0
CARNEIRO6_410-1,CARNEIRO6_410,present,present,1
CARNEIRO6_411-0,CARNEIRO6_411,absent,absent,0
CARNEIRO6_411-1,CARNEIRO6_411,present,present,1
CARNEIRO6_412-0,CARNEIRO6_412,absent,absent,0
CARNEIRO6_412-1,CARNEIRO6_412,present,present,1
CARNEIRO6_413-0,CARNEIRO6_413,absent,absent,0
CARNEIRO6_413-1,CARNEIRO6_413,present,present,1
CARNEIRO6_414-0,CARNEIRO6_414,absent,absent,0
CARNEIRO6_414-1,CARNEIRO6_414,present,present,1
CARNEIRO6_415-0,CARNEIRO6_415,absent,absent,0
CARNEIRO6_415-1,CARNEIRO6_415,present,present,1
CARNEIRO6_416-0,CARNEIRO6_416,absent,absent,0
CARNEIRO6_416-1,CARNEIRO6_416,present,present,1
CARNEIRO6_417-0,CARNEIRO6_417,absent,absent,0
CARNEIRO6_417-1,CARNEIRO6_417,present,present,1
CARNEIRO6_418-0,CARNEIRO6_418,absent,absent,0
CARNEIRO6_418-1,CARNEIRO6_418,present,present,1
CARNEIRO6_419-0,CARNEIRO6_419,absent,absent,0
CARNEIRO6_419-1,CARNEIRO6_419,present,present,1
CARNEIRO6_420-0,CARNEIRO6_420,absent,absent,0
CARNEIRO6_420-1,CARNEIRO6_420,present,present,1
CARNEIRO6_421-0,CARNEIRO6_421,absent,absent,0
CARNEIRO6_421-1,CARNEIRO6_421,present,present,1
CARNEIRO6_422-0,CARNEIRO6_422,absent,absent,0
CARNEIRO6_422-1,CARNEIRO6_422,present,present,1
CARNEIRO6_423-0,CARNEIRO6_423,absent,absent,0
CARNEIRO6_423-1,CARNEIRO6_423,present,present,1
CARNEIRO6_424-0,CARNEIRO6_424,absent,absent,0
CARNEIRO6_424-1,CARNEIRO6_424,present,present,1
CARNEIRO6_425-0,CARNEIRO6_425,absent,absent,0
CARNEIRO6_425-1,CARNEIRO6_425,present,present,1
CARNEIRO6_426-0,CARNEIRO6_426,absent,absent,0
CARNEIRO6_426-1,CARNEIRO6_426,present,present,1
CARNEIRO6_427-0,CARNEIRO6_427,absent,absent,0
CARNEIRO6_427-1,CARNEIRO6_427,present,present,1
CARNEIRO6_428-0,CARNEIRO6_428,absent,absent,0
CARNEIRO6_428-1,CARNEIRO6_428,present,present,1
CARNEIRO6_429-0,CARNEIRO6_429,absent,absent,0
CARNEIRO6_429-1,CARNEIRO6_429,present,present,1
CARNEIRO6_430-0,CARNEIRO6_430,absent,absent,0
CARNEIRO6_430-1,CARNEIRO6_430,present,present,1
CARNEIRO6_431-0,CARNEIRO6_431,absent,absent,0
CARNEIRO6_431-1,CARNEIRO6_431,present,present,1
CARNEIRO6_432-0,CARNEIRO6_432,absent,absent,0
CARNEIRO6_432-1,CARNEIRO6_432,present,present,1
CARNEIRO6_433-0,CARNEIRO6_433,absent,absent,0
CARNEIRO6_433-1,CARNEIRO6_433,present,present,1
CARNEIRO6_434-0,CARNEIRO6_434,absent,absent,0
CARNEIRO6_434-1,CARNEIRO6_434,present,present,1
CARNEIRO6_435-0,CARNEIRO6_435,absent,absent,0
CARNEIRO6_435-1,CARNEIRO6_435,present,present,1
CARNEIRO6_436-0,CARNEIRO6_436,absent,absent,0
CARNEIRO6_436-1,CARNEIRO6_436,present,present,1
CARNEIRO6_437-0,CARNEIRO6_437,absent,absent,0
CARNEIRO6_437-1,CARNEIRO6_437,present,present,1
CARNEIRO6_438-0,CARNEIRO6_438,absent,absent,0
CARNEIRO6_438-1,CARNEIRO6_438,present,present,1
CARNEIRO6_439-0,CARNEIRO6_439,absent,absent,0
CARNEIRO6_439-1,CARNEIRO6_439,present,present,1
CARNEIRO6_440-0,CARNEIRO6_440,absent,absent,0
CARNEIRO6_440-1,CARNEIRO6_440,present,present,1
CARNEIRO6_441-0,CARNEIRO6_441,absent,absent,0
CARNEIRO6_441-1,CARNEIRO6_441,present,present,1
CARNEIRO6_442-0,CARNEIRO6_442,absent,absent,0
CARNEIRO6_442-1,CARNEIRO6_442,present,present,1
CARNEIRO6_443-0,CARNEIRO6_443,absent,absent,0
CARNEIRO6_443-1,CARNEIRO6_443,present,present,1
CARNEIRO6_444-0,CARNEIRO6_444,absent,absent,0
CARNEIRO6_444-1,CARNEIRO6_444,present,present,1
CARNEIRO6_445-0,CARNEIRO6_445,absent,absent,0
CARNEIRO6_445-1,CARNEIRO6_445,present,present,1
CARNEIRO6_446-0,CARNEIRO6_446,absent,absent,0
CARNEIRO6_446-1,CARNEIRO6_446,present,present,1
CARNEIRO6_447-0,CARNEIRO6_447,absent,absent,0
CARNEIRO6_447-1,CARNEIRO6_447,present,present,1
CARNEIRO6_448-0,CARNEIRO6_448,absent,absent,0
CARNEIRO6_448-1,CARNEIRO6_448,present,present,1
CARNEIRO6_449-0,CARNEIRO6_449,absent,absent,0
CARNEIRO6_449-1,CARNEIRO6_449,present,present,1
CARNEIRO6_450-0,CARNEIRO6_450,absent,absent,0
CARNEIRO6_450-1,CARNEIRO6_450,present,present,1
CARNEIRO6_451-0,CARNEIRO6_451,absent,absent,0
CARNEIRO6_451-1,CARNEIRO6_451,present,present,1
CARNEIRO6_452-0,CARNEIRO6_452,absent,absent,0
CARNEIRO6_452-1,CARNEIRO6_452,present,present,1
CARNEIRO6_453-0,CARNEIRO6_453,absent,absent,0
CARNEIRO6_453-1,CARNEIRO6_453,present,present,1
CARNEIRO6_454-0,CARNEIRO6_454,absent,absent,0
CARNEIRO6_454-1,CARNEIRO6_454,present,present,1
CARNEIRO6_455-0,CARNEIRO6_455,absent,absent,0
CARNEIRO6_455-1,CARNEIRO6_455,present,present,1
CARNEIRO6_456-0,CARNEIRO6_456,absent,absent,0
CARNEIRO6_456-1,CARNEIRO6_456,present,present,1
CARNEIRO6_457-0,CARNEIRO6_457,absent,absent,0
CARNEIRO6_457-1,CARNEIRO6_457,present,present,1
CARNEIRO6_458-0,CARNEIRO6_458,absent,absent,0
CARNEIRO6_458-1,CARNEIRO6_458,present,present,1
CARNEIRO6_459-0,CARNEIRO6_459,absent,absent,0
CARNEIRO6_459-1,CARNEIRO6_459,present,present,1
CARNEIRO6_460-0,CARNEIRO6_460,absent,absent,0
CARNEIRO6_460-1,CARNEIRO6_460,present,present,1
CARNEIRO6_461-0,CARNEIRO6_461,absent,absent,0
CARNEIRO6_461-1,CARNEIRO6_461,present,present,1
CARNEIRO6_462-0,CARNEIRO6_462,absent,absent,0
CARNEIRO6_462-1,CARNEIRO6_462,present,present,1
CARNEIRO6_463-0,CARNEIRO6_463,absent,absent,0
CARNEIRO6_463-1,CARNEIRO6_463,present,present,1
CARNEIRO6_464-0,CARNEIRO6_464,absent,absent,0
CARNEIRO6_464-1,CARNEIRO6_464,present,present,1
CARNEIRO6_465-0,CARNEIRO6_465,absent,absent,0
CARNEIRO6_465-1,CARNEIRO6_465,present,present,1
CARNEIRO6_466-0,CARNEIRO6_466,absent,absent,0
CARNEIRO6_466-1,CARNEIRO6_466,present,present,1
CARNEIRO6_467-0,CARNEIRO6_467,absent,absent,0
CARNEIRO6_467-1,CARNEIRO6_467,present,present,1
CARNEIRO6_468-0,CARNEIRO6_468,absent,absent,0
CARNEIRO6_468-1,CARNEIRO6_468,present,present,1
CARNEIRO6_469-0,CARNEIRO6_469,absent,absent,0
CARNEIRO6_469-1,CARNEIRO6_469,present,present,1
CARNEIRO6_470-0,CARNEIRO6_470,absent,absent,0
CARNEIRO6_470-1,CARNEIRO6_470,present,present,1
CARNEIRO6_471-0,CARNEIRO6_471,absent,absent,0
CARNEIRO6_471-1,CARNEIRO6_471,present,present,1
CARNEIRO6_472-0,CARNEIRO6_472,absent,absent,0
CARNEIRO6_472-1,CARNEIRO6_472,present,present,1
CARNEIRO6_473-0,CARNEIRO6_473,absent,absent,0
CARNEIRO6_473-1,CARNEIRO6_473,present,present,1
CARNEIRO6_474-0,CARNEIRO6_474,absent,absent,0
CARNEIRO6_474-1,CARNEIRO6_474,present,present,1
CARNEIRO6_475-0,CARNEIRO6_475,absent,absent,0
CARNEIRO6_475-1,CARNEIRO6_475,present,present,1
CARNEIRO6_476-0,CARNEIRO6_476,absent,absent,0
CARNEIRO6_476-1,CARNEIRO6_476,present,present,1
CARNEIRO6_477-0,CARNEIRO6_477,absent,absent,0
CARNEIRO6_477-1,CARNEIRO6_477,present,present,1
CARNEIRO6_478-0,CARNEIRO6_478,absent,absent,0
CARNEIRO6_478-1,CARNEIRO6_478,present,present,1
CARNEIRO6_479-0,CARNEIRO6_479,absent,absent,0
CARNEIRO6_479-1,CARNEIRO6_479,present,present,1
CARNEIRO6_480-0,CARNEIRO6_480,absent,absent,0
CARNEIRO6_480-1,CARNEIRO6_480,present,present,1
CARNEIRO6_481-0,CARNEIRO6_481,absent,absent,0
CARNEIRO6_481-1,CARNEIRO6_481,present,present,1
CARNEIRO6_482-0,CARNEIRO6_482,absent,absent,0
CARNEIRO6_482-1,CARNEIRO6_482,present,present,1
CARNEIRO6_483-0,CARNEIRO6_483,absent,absent,0
CARNEIRO6_483-1,CARNEIRO6_483,present,present,1
CARNEIRO6_484-0,CARNEIRO6_484,absent,absent,0
CARNEIRO6_484-1,CARNEIRO6_484,present,present,1
CARNEIRO6_485-0,CARNEIRO6_485,absent,absent,0
CARNEIRO6_485-1,CARNEIRO6_485,present,present,1
CARNEIRO6_486-0,CARNEIRO6_486,absent,absent,0
CARNEIRO6_486-1,CARNEIRO6_486,present,present,1
CARNEIRO6_487-0,CARNEIRO6_487,absent,absent,0
CARNEIRO6_487-1,CARNEIRO6_487,present,present,1
CARNEIRO6_488-0,CARNEIRO6_488,absent,absent,0
CARNEIRO6_488-1,CARNEIRO6_488,present,present,1
CARNEIRO6_489-0,CARNEIRO6_489,absent,absent,0
CARNEIRO6_489-1,CARNEIRO6_489,present,present,1
CARNEIRO6_490-0,CARNEIRO6_490,absent,absent,0
CARNEIRO6_490-1,CARNEIRO6_490,present,present,1
CARNEIRO6_491-0,CARNEIRO6_491,absent,absent,0
CARNEIRO6_491-1,CARNEIRO6_491,present,present,1
CARNEIRO6_492-0,CARNEIRO6_492,absent,absent,0
CARNEIRO6_492-1,CARNEIRO6_492,present,present,1
CARNEIRO6_493-0,CARNEIRO6_493,absent,absent,0
CARNEIRO6_493-1,CARNEIRO6_493,present,present,1
CARNEIRO6_494-0,CARNEIRO6_494,absent,absent,0
CARNEIRO6_494-1,CARNEIRO6_494,present,present,1
CARNEIRO6_495-0,CARNEIRO6_495,absent,absent,0
CARNEIRO6_495-1,CARNEIRO6_495,present,present,1
CARNEIRO6_496-0,CARNEIRO6_496,absent,absent,0
CARNEIRO6_496-1,CARNEIRO6_496,present,present,1
CARNEIRO6_497-0,CARNEIRO6_497,absent,absent,0
CARNEIRO6_497-1,CARNEIRO6_497,present,present,1
CARNEIRO6_498-0,CARNEIRO6_498,absent,absent,0
CARNEIRO6_498-1,CARNEIRO6_498,present,present,1
CARNEIRO6_499-0,CARNEIRO6_499,absent,absent,0
CARNEIRO6_499-1,CARNEIRO6_499,present,present,1
CARNEIRO6_500-0,CARNEIRO6_500,absent,absent,0
CARNEIRO6_500-1,CARNEIRO6_500,present,present,1
CARNEIRO6_501-0,CARNEIRO6_501,absent,absent,0
CARNEIRO6_501-1,CARNEIRO6_501,present,present,1
CARNEIRO6_502-0,CARNEIRO6_502,absent,absent,0
CARNEIRO6_502-1,CARNEIRO6_502,present,present,1
CARNEIRO6_503-0,CARNEIRO6_503,absent,absent,0
CARNEIRO6_503-1,CARNEIRO6_503,present,present,1
CARNEIRO6_504-0,CARNEIRO6_504,absent,absent,0
CARNEIRO6_504-1,CARNEIRO6_504,present,present,1
CARNEIRO6_505-0,CARNEIRO6_505,absent,absent,0
CARNEIRO6_505-1,CARNEIRO6_505,present,present,1
CARNEIRO6_506-0,CARNEIRO6_506,absent,absent,0
CARNEIRO6_506-1,CARNEIRO6_506,present,present,1
CARNEIRO6_507-0,CARNEIRO6_507,absent,absent,0
CARNEIRO6_507-1,CARNEIRO6_507,present,present,1
CARNEIRO6_508-0,CARNEIRO6_508,absent,absent,0
CARNEIRO6_508-1,CARNEIRO6_508,present,present,1
CARNEIRO6_509-0,CARNEIRO6_509,absent,absent,0
CARNEIRO6_509-1,CARNEIRO6_509,present,present,1
CARNEIRO6_510-0,CARNEIRO6_510,absent,absent,0
CARNEIRO6_510-1,CARNEIRO6_510,present,present,1
CARNEIRO6_511-0,CARNEIRO6_511,absent,absent,0
CARNEIRO6_511-1,CARNEIRO6_511,present,present,1
CARNEIRO6_512-0,CARNEIRO6_512,absent,absent,0
CARNEIRO6_512-1,CARNEIRO6_512,present,present,1
CARNEIRO6_513-0,CARNEIRO6_513,absent,absent,0
CARNEIRO6_513-1,CARNEIRO6_513,present,present,1
CARNEIRO6_514-0,CARNEIRO6_514,absent,absent,0
CARNEIRO6_514-1,CARNEIRO6_514,present,present,1
CARNEIRO6_515-0,CARNEIRO6_515,absent,absent,0
CARNEIRO6_515-1,CARNEIRO6_515,present,present,1
CARNEIRO6_516-0,CARNEIRO6_516,absent,absent,0
CARNEIRO6_516-1,CARNEIRO6_516,present,present,1
CARNEIRO6_517-0,CARNEIRO6_517,absent,absent,0
CARNEIRO6_517-1,CARNEIRO6_517,present,present,1
CARNEIRO6_518-0,CARNEIRO6_518,absent,absent,0
CARNEIRO6_518-1,CARNEIRO6_518,present,present,1
CARNEIRO6_519-0,CARNEIRO6_519,absent,absent,0
CARNEIRO6_519-1,CARNEIRO6_519,present,present,1
CARNEIRO6_520-0,CARNEIRO6_520,absent,absent,0
CARNEIRO6_520-1,CARNEIRO6_520,present,present,1
CARNEIRO6_521-0,CARNEIRO6_521,absent,absent,0
CARNEIRO6_521-1,CARNEIRO6_521,present,present,1
CARNEIRO6_522-0,CARNEIRO6_522,absent,absent,0
CARNEIRO6_522-1,CARNEIRO6_522,present,present,1
CARNEIRO6_523-0,CARNEIRO6_523,absent,absent,0
CARNEIRO6_523-1,CARNEIRO6_523,present,present,1
CARNEIRO6_524-0,CARNEIRO6_524,absent,absent,0
CARNEIRO6_524-1,CARNEIRO6_524,present,present,1
CARNEIRO6_525-0,CARNEIRO6_525,absent,absent,0
CARNEIRO6_525-1,CARNEIRO6_525,present,present,1
CARNEIRO6_526-0,CARNEIRO6_526,absent,absent,0
CARNEIRO6_526-1,CARNEIRO6_526,present,present,1
CARNEIRO6_527-0,CARNEIRO6_527,absent,absent,0
CARNEIRO6_527-1,CARNEIRO6_527,present,present,1
CARNEIRO6_528-0,CARNEIRO6_528,absent,absent,0
CARNEIRO6_528-1,CARNEIRO6_528,present,present,1
CARNEIRO6_529-0,CARNEIRO6_529,absent,absent,0
CARNEIRO6_529-1,CARNEIRO6_529,present,present,1
CARNEIRO6_530-0,CARNEIRO6_530,absent,absent,0
CARNEIRO6_530-1,CARNEIRO6_530,present,present,1
CARNEIRO6_531-0,CARNEIRO6_531,absent,absent,0
CARNEIRO6_531-1,CARNEIRO6_531,present,present,1
CARNEIRO6_532-0,CARNEIRO6_532,absent,absent,0
CARNEIRO6_532-1,CARNEIRO6_532,present,present,1
CARNEIRO6_533-0,CARNEIRO6_533,absent,absent,0
CARNEIRO6_533-1,CARNEIRO6_533,present,present,1
CARNEIRO6_534-0,CARNEIRO6_534,absent,absent,0
CARNEIRO6_534-1,CARNEIRO6_534,present,present,1
CARNEIRO6_535-0,CARNEIRO6_535,absent,absent,0
CARNEIRO6_535-1,CARNEIRO6_535,present,present,1
CARNEIRO6_536-0,CARNEIRO6_536,absent,absent,0
CARNEIRO6_536-1,CARNEIRO6_536,present,present,1
CARNEIRO6_537-0,CARNEIRO6_537,absent,absent,0
CARNEIRO6_537-1,CARNEIRO6_537,present,present,1
CARNEIRO6_538-0,CARNEIRO6_538,absent,absent,0
CARNEIRO6_538-1,CARNEIRO6_538,present,present,1
CARNEIRO6_539-0,CARNEIRO6_539,absent,absent,0
CARNEIRO6_539-1,CARNEIRO6_539,present,present,1
CARNEIRO6_540-0,CARNEIRO6_540,absent,absent,0
CARNEIRO6_540-1,CARNEIRO6_540,present,present,1
CARNEIRO6_541-0,CARNEIRO6_541,absent,absent,0
CARNEIRO6_541-1,CARNEIRO6_541,present,present,1
CARNEIRO6_542-0,CARNEIRO6_542,absent,absent,0
CARNEIRO6_542-1,CARNEIRO6_542,present,present,1
CARNEIRO6_543-0,CARNEIRO6_543,absent,absent,0
CARNEIRO6_543-1,CARNEIRO6_543,present,present,1
CARNEIRO6_544-0,CARNEIRO6_544,absent,absent,0
CARNEIRO6_544-1,CARNEIRO6_544,present,present,1
CARNEIRO6_545-0,CARNEIRO6_545,absent,absent,0
CARNEIRO6_545-1,CARNEIRO6_545,present,present,1
CARNEIRO6_546-0,CARNEIRO6_546,absent,absent,0
CARNEIRO6_546-1,CARNEIRO6_546,present,present,1
CARNEIRO6_547-0,CARNEIRO6_547,absent,absent,0
CARNEIRO6_547-1,CARNEIRO6_547,present,present,1
CARNEIRO6_548-0,CARNEIRO6_548,absent,absent,0
CARNEIRO6_548-1,CARNEIRO6_548,present,present,1
CARNEIRO6_549-0,CARNEIRO6_549,absent,absent,0
CARNEIRO6_549-1,CARNEIRO6_549,present,present,1
CARNEIRO6_550-0,CARNEIRO6_550,absent,absent,0
CARNEIRO6_550-1,CARNEIRO6_550,present,present,1
CARNEIRO6_551-0,CARNEIRO6_551,absent,absent,0
CARNEIRO6_551-1,CARNEIRO6_551,present,present,1
CARNEIRO6_552-0,CARNEIRO6_552,absent,absent,0
CARNEIRO6_552-1,CARNEIRO6_552,present,present,1
CARNEIRO6_553-0,CARNEIRO6_553,absent,absent,0
CARNEIRO6_553-1,CARNEIRO6_553,present,present,1
CARNEIRO6_554-0,CARNEIRO6_554,absent,absent,0
CARNEIRO6_554-1,CARNEIRO6_554,present,present,1
CARNEIRO6_555-0,CARNEIRO6_555,absent,absent,0
CARNEIRO6_555-1,CARNEIRO6_555,present,present,1
CARNEIRO6_556-0,CARNEIRO6_556,absent,absent,0
CARNEIRO6_556-1,CARNEIRO6_556,present,present,1
CARNEIRO6_557-0,CARNEIRO6_557,absent,absent,0
CARNEIRO6_557-1,CARNEIRO6_557,present,present,1
CARNEIRO6_558-0,CARNEIRO6_558,absent,absent,0
CARNEIRO6_558-1,CARNEIRO6_558,present,present,1
CARNEIRO6_559-0,CARNEIRO6_559,absent,absent,0
CARNEIRO6_559-1,CARNEIRO6_559,present,present,1
CARNEIRO6_560-0,CARNEIRO6_560,absent,absent,0
CARNEIRO6_560-1,CARNEIRO6_560,present,present,1
CARNEIRO6_561-0,CARNEIRO6_561,absent,absent,0
CARNEIRO6_561-1,CARNEIRO6_561,present,present,1
CARNEIRO6_562-0,CARNEIRO6_562,absent,absent,0
CARNEIRO6_562-1,CARNEIRO6_562,present,present,1
CARNEIRO6_563-0,CARNEIRO6_563,absent,absent,0
CARNEIRO6_563-1,CARNEIRO6_563,present,present,1
CARNEIRO6_564-0,CARNEIRO6_564,absent,absent,0
CARNEIRO6_564-1,CARNEIRO6_564,present,present,1
CARNEIRO6_565-0,CARNEIRO6_565,absent,absent,0
CARNEIRO6_565-1,CARNEIRO6_565,present,present,1
CARNEIRO6_566-0,CARNEIRO6_566,absent,absent,0
CARNEIRO6_566-1,CARNEIRO6_566,present,present,1
CARNEIRO6_567-0,CARNEIRO6_567,absent,absent,0
CARNEIRO6_567-1,CARNEIRO6_567,present,present,1
CARNEIRO6_568-0,CARNEIRO6_568,absent,absent,0
CARNEIRO6_568-1,CARNEIRO6_568,present,present,1
CARNEIRO6_569-0,CARNEIRO6_569,absent,absent,0
CARNEIRO6_569-1,CARNEIRO6_569,present,present,1
CARNEIRO6_570-0,CARNEIRO6_570,absent,absent,0
CARNEIRO6_570-1,CARNEIRO6_570,present,present,1
CARNEIRO6_571-0,CARNEIRO6_571,absent,absent,0
CARNEIRO6_571-1,CARNEIRO6_571,present,present,1
CARNEIRO6_572-0,CARNEIRO6_572,absent,absent,0
CARNEIRO6_572-1,CARNEIRO6_572,present,present,1
CARNEIRO6_573-0,CARNEIRO6_573,absent,absent,0
CARNEIRO6_573-1,CARNEIRO6_573,present,present,1
CARNEIRO6_574-0,CARNEIRO6_574,absent,absent,0
CARNEIRO6_574-1,CARNEIRO6_574,present,present,1
CARNEIRO6_575-0,CARNEIRO6_575,absent,absent,0
CARNEIRO6_575-1,CARNEIRO6_575,present,present,1
CARNEIRO6_576-0,CARNEIRO6_576,absent,absent,0
CARNEIRO6_576-1,CARNEIRO6_576,present,present,1
CARNEIRO6_577-0,CARNEIRO6_577,absent,absent,0
CARNEIRO6_577-1,CARNEIRO6_577,present,present,1
CARNEIRO6_578-0,CARNEIRO6_578,absent,absent,0
CARNEIRO6_578-1,CARNEIRO6_578,present,present,1
CARNEIRO6_579-0,CARNEIRO6_579,absent,absent,0
CARNEIRO6_579-1,CARNEIRO6_579,present,present,1
CARNEIRO6_580-0,CARNEIRO6_580,absent,absent,0
CARNEIRO6_580-1,CARNEIRO6_580,present,present,1
CARNEIRO6_581-0,CARNEIRO6_581,absent,absent,0
CARNEIRO6_581-1,CARNEIRO6_581,present,present,1
CARNEIRO6_582-0,CARNEIRO6_582,absent,absent,0
CARNEIRO6_582-1,CARNEIRO6_582,present,present,1
CARNEIRO6_583-0,CARNEIRO6_583,absent,absent,0
CARNEIRO6_583-1,CARNEIRO6_583,present,present,1
CARNEIRO6_584-0,CARNEIRO6_584,absent,absent,0
CARNEIRO6_584-1,CARNEIRO6_584,present,present,1
CARNEIRO6_585-0,CARNEIRO6_585,absent,absent,0
CARNEIRO6_585-1,CARNEIRO6_585,present,present,1
CARNEIRO6_586-0,CARNEIRO6_586,absent,absent,0
CARNEIRO6_586-1,CARNEIRO6_586,present,present,1
CARNEIRO6_587-0,CARNEIRO6_587,absent,absent,0
CARNEIRO6_587-1,CARNEIRO6_587,present,present,1
CARNEIRO6_588-0,CARNEIRO6_588,absent,absent,0
CARNEIRO6_588-1,CARNEIRO6_588,present,present,1
CARNEIRO6_589-0,CARNEIRO6_589,absent,absent,0
CARNEIRO6_589-1,CARNEIRO6_589,present,present,1
CARNEIRO6_590-0,CARNEIRO6_590,absent,absent,0
CARNEIRO6_590-1,CARNEIRO6_590,present,present,1
CARNEIRO6_591-0,CARNEIRO6_591,absent,absent,0
CARNEIRO6_591-1,CARNEIRO6_591,present,present,1
CARNEIRO6_592-0,CARNEIRO6_592,absent,absent,0
CARNEIRO6_592-1,CARNEIRO6_592,present,present,1
CARNEIRO6_593-0,CARNEIRO6_593,absent,absent,0
CARNEIRO6_593-1,CARNEIRO6_593,present,present,1
CARNEIRO6_594-0,CARNEIRO6_594,absent,absent,0
CARNEIRO6_594-1,CARNEIRO6_594,present,present,1
CARNEIRO6_595-0,CARNEIRO6_595,absent,absent,0
CARNEIRO6_595-1,CARNEIRO6_595,present,present,1
CARNEIRO6_596-0,CARNEIRO6_596,absent,absent,0
CARNEIRO6_596-1,CARNEIRO6_596,present,present,1
CARNEIRO6_597-0,CARNEIRO6_597,absent,absent,0
CARNEIRO6_597-1,CARNEIRO6_597,present,present,1
CARNEIRO6_598-0,CARNEIRO6_598,absent,absent,0
CARNEIRO6_598-1,CARNEIRO6_598,present,present,1
CARNEIRO6_599-0,CARNEIRO6_599,absent,absent,0
CARNEIRO6_599-1,CARNEIRO6_599,present,present,1
CARNEIRO6_600-0,CARNEIRO6_600,absent,absent,0
CARNEIRO6_600-1,CARNEIRO6_600,present,present,1
CARNEIRO6_601-0,CARNEIRO6_601,absent,absent,0
CARNEIRO6_601-1,CARNEIRO6_601,present,present,1
CARNEIRO6_602-0,CARNEIRO6_602,absent,absent,0
CARNEIRO6_602-1,CARNEIRO6_602,present,present,1
CARNEIRO6_603-0,CARNEIRO6_603,absent,absent,0
CARNEIRO6_603-1,CARNEIRO6_603,present,present,1
CARNEIRO6_604-0,CARNEIRO6_604,absent,absent,0
CARNEIRO6_604-1,CARNEIRO6_604,present,present,1
CARNEIRO6_605-0,CARNEIRO6_605,absent,absent,0
CARNEIRO6_605-1,CARNEIRO6_605,present,present,1
CARNEIRO6_606-0,CARNEIRO6_606,absent,absent,0
CARNEIRO6_606-1,CARNEIRO6_606,present,present,1
CARNEIRO6_607-0,CARNEIRO6_607,absent,absent,0
CARNEIRO6_607-1,CARNEIRO6_607,present,present,1
CARNEIRO6_608-0,CARNEIRO6_608,absent,absent,0
CARNEIRO6_608-1,CARNEIRO6_608,present,present,1
CARNEIRO6_609-0,CARNEIRO6_609,absent,absent,0
CARNEIRO6_609-1,CARNEIRO6_609,present,present,1
CARNEIRO6_610-0,CARNEIRO6_610,absent,absent,0
CARNEIRO6_610-1,CARNEIRO6_610,present,present,1
CARNEIRO6_611-0,CARNEIRO6_611,absent,absent,0
CARNEIRO6_611-1,CARNEIRO6_611,present,present,1
CARNEIRO6_612-0,CARNEIRO6_612,absent,absent,0
CARNEIRO6_612-1,CARNEIRO6_612,present,present,1
CARNEIRO6_613-0,CARNEIRO6_613,absent,absent,0
CARNEIRO6_613-1,CARNEIRO6_613,present,present,1
CARNEIRO6_614-0,CARNEIRO6_614,absent,absent,0
CARNEIRO6_614-1,CARNEIRO6_614,present,present,1
CARNEIRO6_615-0,CARNEIRO6_615,absent,absent,0
CARNEIRO6_615-1,CARNEIRO6_615,present,present,1
CARNEIRO6_616-0,CARNEIRO6_616,absent,absent,0
CARNEIRO6_616-1,CARNEIRO6_616,present,present,1
CARNEIRO6_617-0,CARNEIRO6_617,absent,absent,0
CARNEIRO6_617-1,CARNEIRO6_617,present,present,1
CARNEIRO6_618-0,CARNEIRO6_618,absent,absent,0
CARNEIRO6_618-1,CARNEIRO6_618,present,present,1
